date,channel,impressions,clicks,conversions,cost,revenue,ctr,conversion_rate,cpa,roas,profit
2024-01-01,Paid Search,18548,861,47,1181.48,4968.95,0.046420099202070304,0.0545876887340302,25.13787234042553,4.205699630971324,3787.47
2024-01-02,Paid Search,15656,877,39,1304.46,3697.53,0.05601686254471129,0.04446978335233751,33.44769230769231,2.8345292304861784,2393.07
2024-01-03,Paid Search,19582,1202,58,1452.36,6255.33,0.06138290266571341,0.048252911813643926,25.04068965517241,4.307010658514418,4802.97
2024-01-04,Paid Search,16453,954,37,1394.41,3885.53,0.05798334650215766,0.03878406708595388,37.68675675675676,2.786504686569947,2491.12
2024-01-05,Paid Search,17667,872,52,1352.03,4848.39,0.049357559291334126,0.05963302752293578,26.000576923076924,3.58600770692958,3496.3600000000006
2024-01-06,Paid Search,17366,1031,53,1448.25,5284.37,0.05936888172290683,0.05140640155189137,27.32547169811321,3.648796823752805,3836.12
2024-01-07,Paid Search,21854,1128,48,1468.99,4114.7,0.05161526494005674,0.0425531914893617,30.603958333333335,2.8010401704572527,2645.71
2024-01-08,Paid Search,20032,1082,43,1472.87,3680.84,0.05401357827476038,0.03974121996303143,34.25279069767441,2.4990936063603715,2207.9700000000003
2024-01-09,Paid Search,19337,1150,47,1413.07,4589.39,0.05947147954698247,0.0408695652173913,30.06531914893617,3.24781504101,3176.3200000000006
2024-01-10,Paid Search,18393,1143,57,1407.57,5856.16,0.062143206654705595,0.049868766404199474,24.69421052631579,4.1604751451082365,4448.59
2024-01-11,Paid Search,18520,1115,37,1347.32,3380.16,0.060205183585313175,0.033183856502242155,36.414054054054056,2.508802660095597,2032.84
2024-01-12,Paid Search,16850,888,55,1508.45,4682.12,0.052700296735905046,0.061936936936936936,27.426363636363636,3.1039278729822,3173.67
2024-01-13,Paid Search,14970,781,38,1479.66,3863.95,0.052171008684034736,0.04865556978233035,38.93842105263158,2.611376937945203,2384.29
2024-01-14,Paid Search,19428,1012,44,1378.57,4610.36,0.052089767346098416,0.043478260869565216,31.33113636363636,3.344306056275706,3231.79
2024-01-15,Paid Search,15703,716,28,1415.95,2818.69,0.04559638285677896,0.03910614525139665,50.56964285714286,1.9906705745259365,1402.74
2024-01-16,Paid Search,19242,990,49,1365.35,5004.45,0.05144995322731525,0.049494949494949494,27.864285714285714,3.665323909620244,3639.1
2024-01-17,Paid Search,18822,932,41,1266.07,3716.58,0.049516523217511425,0.043991416309012876,30.879756097560975,2.9355248919885946,2450.51
2024-01-18,Paid Search,18876,965,46,1450.01,4622.1,0.05112311930493749,0.04766839378238342,31.52195652173913,3.18763318873663,3172.09
2024-01-19,Paid Search,19197,1040,45,1211.02,4234.1,0.05417513153096838,0.04326923076923077,26.911555555555555,3.4963088966325913,3023.0800000000004
2024-01-20,Paid Search,15395,678,26,1298.59,2588.49,0.0440402728158493,0.038348082595870206,49.94576923076923,1.9933081265064416,1289.8999999999999
2024-01-21,Paid Search,17319,1138,50,1295.43,5170.38,0.06570818176569086,0.043936731107205626,25.9086,3.991246149927051,3874.95
2024-01-22,Paid Search,17630,831,37,1206.54,3869.44,0.047135564378899604,0.044524669073405534,32.60918918918919,3.207054884214365,2662.9
2024-01-23,Paid Search,18781,1069,45,1408.08,3533.17,0.056919226878227994,0.042095416276894296,31.290666666666667,2.509211124367934,2125.09
2024-01-24,Paid Search,17046,970,46,1373.19,5209.97,0.056904845711603896,0.04742268041237113,29.851956521739133,3.794063458079363,3836.78
2024-01-25,Paid Search,16157,912,45,1493.53,4972.26,0.05644612242371727,0.049342105263157895,33.18955555555556,3.3291999491138444,3478.7300000000005
2024-01-26,Paid Search,18642,1250,45,1296.22,3946.81,0.06705289132067374,0.036,28.80488888888889,3.044861211831325,2650.59
2024-01-27,Paid Search,17298,754,40,1235.27,3698.67,0.04358885420279801,0.05305039787798409,30.88175,2.994219887150178,2463.4
2024-01-28,Paid Search,16171,931,52,1726.35,6123.66,0.057572197143033826,0.055853920515574654,33.19903846153846,3.547171778608046,4397.3099999999995
2024-01-29,Paid Search,18745,877,24,1308.95,2353.25,0.046785809549213124,0.027366020524515394,54.53958333333333,1.79781504259139,1044.3
2024-01-30,Paid Search,17252,861,40,1417.59,4286.09,0.04990725712960816,0.04645760743321719,35.43975,3.0235046804788412,2868.5
2024-01-31,Paid Search,17714,822,26,1393.98,2325.86,0.04640397425764932,0.031630170316301706,53.614615384615384,1.6685031349086787,931.8800000000001
2024-02-01,Paid Search,21182,1187,68,1267.29,6072.95,0.05603814559531678,0.05728727885425442,18.636617647058824,4.792076004702949,4805.66
2024-02-02,Paid Search,16262,797,54,1493.91,4624.35,0.0490099618743082,0.06775407779171895,27.665000000000003,3.095467598449706,3130.4400000000005
2024-02-03,Paid Search,16374,1026,53,1395.43,4940.36,0.06266031513374863,0.05165692007797271,26.328867924528303,3.5403854009158464,3544.9299999999994
2024-02-04,Paid Search,16821,987,43,1256.87,3484.21,0.05867665418227216,0.04356636271529889,29.229534883720927,2.772132360546437,2227.34
2024-02-05,Paid Search,18310,1245,61,1432.01,5712.5,0.06799563080283998,0.04899598393574297,23.475573770491803,3.989148120474019,4280.49
2024-02-06,Paid Search,20350,1156,50,1448.02,5380.58,0.05680589680589681,0.04325259515570934,28.9604,3.715818842281184,3932.56
2024-02-07,Paid Search,20764,1173,42,1584.9,3334.93,0.05649200539395107,0.03580562659846547,37.73571428571429,2.104189538772162,1750.0299999999997
2024-02-08,Paid Search,21102,1129,50,1276.01,5583.02,0.05350203772154298,0.04428697962798937,25.5202,4.375373233752087,4307.01
2024-02-09,Paid Search,16389,988,43,1381.69,4082.49,0.060284337055341995,0.043522267206477734,32.13232558139535,2.9547076406429804,2700.7999999999997
2024-02-10,Paid Search,18607,1239,60,1170.38,6140.45,0.0665878432847853,0.048426150121065374,19.506333333333334,5.246543857550538,4970.07
2024-02-11,Paid Search,17912,860,31,1362.58,2634.66,0.04801250558284949,0.03604651162790698,43.954193548387096,1.933581881430815,1272.08
2024-02-12,Paid Search,19648,865,41,1363.3,3668.7,0.04402483713355049,0.047398843930635835,33.25121951219512,2.691043790801731,2305.3999999999996
2024-02-13,Paid Search,19804,1177,71,1322.05,6619.94,0.05943243789133509,0.06032285471537808,18.62042253521127,5.007329526114746,5297.889999999999
2024-02-14,Paid Search,17597,1003,49,1410.13,4049.26,0.056998351991816784,0.04885343968095713,28.778163265306123,2.8715508499216384,2639.13
2024-02-15,Paid Search,18410,1394,92,1367.81,7845.12,0.0757197175448126,0.06599713055954089,14.8675,5.735533443972482,6477.3099999999995
2024-02-16,Paid Search,15365,770,39,1318.34,4241.12,0.05011389521640091,0.05064935064935065,33.80358974358974,3.2170153374698485,2922.7799999999997
2024-02-17,Paid Search,16822,627,29,1340.7,2403.77,0.03727261918915706,0.046251993620414676,46.23103448275862,1.7929216081151635,1063.07
2024-02-18,Paid Search,16421,890,27,1638.48,2113.44,0.054198891663114306,0.030337078651685393,60.684444444444445,1.2898784239050827,474.96000000000004
2024-02-19,Paid Search,15682,720,47,1268.78,6021.53,0.04591251115929091,0.06527777777777778,26.99531914893617,4.745921278708681,4752.75
2024-02-20,Paid Search,17337,1002,64,1372.53,5359.99,0.05779546634365807,0.06387225548902195,21.44578125,3.9051896861999373,3987.46
2024-02-21,Paid Search,19399,1136,50,1246.01,4673.72,0.05855971957317387,0.04401408450704225,24.9202,3.750949029301531,3427.71
2024-02-22,Paid Search,17571,927,46,1452.81,4078.79,0.052757384326446985,0.04962243797195254,31.58282608695652,2.807517844728492,2625.98
2024-02-23,Paid Search,19822,1115,57,1400.01,5449.54,0.056250630612450815,0.051121076233183856,24.56157894736842,3.8925007678516583,4049.5299999999997
2024-02-24,Paid Search,16701,962,45,1576.22,5348.8,0.05760134123705167,0.04677754677754678,35.02711111111111,3.3934349265965413,3772.58
2024-02-25,Paid Search,18694,910,33,1429.43,3583.11,0.048678720445062586,0.03626373626373627,43.31606060606061,2.506670491034888,2153.6800000000003
2024-02-26,Paid Search,18864,766,43,1275.63,4307.76,0.04060644614079729,0.05613577023498695,29.665813953488374,3.376966675289857,3032.13
2024-02-27,Paid Search,17151,980,47,1388.41,4308.45,0.057139525392105414,0.04795918367346939,29.54063829787234,3.1031539674879896,2920.04
2024-02-28,Paid Search,17546,987,61,1373.47,4010.15,0.05625213723925681,0.06180344478216818,22.515901639344264,2.919721581104793,2636.6800000000003
2024-02-29,Paid Search,18317,1052,46,1436.74,3448.78,0.057432985750941745,0.043726235741444866,31.233478260869564,2.4004203961746735,2012.0400000000002
2024-03-01,Paid Search,21109,893,50,1393.13,4562.74,0.0423042304230423,0.055991041433370664,27.8626,3.2751717355882075,3169.6099999999997
2024-03-02,Paid Search,16104,841,50,1594.02,5082.11,0.05222305017386985,0.059453032104637336,31.880399999999998,3.1882347774808344,3488.0899999999997
2024-03-03,Paid Search,20119,1179,76,1492.73,7600.34,0.05860132213330682,0.06446140797285835,19.641184210526315,5.091570478251258,6107.610000000001
2024-03-04,Paid Search,17466,970,40,1268.03,4251.25,0.055536470857666324,0.041237113402061855,31.70075,3.352641499018162,2983.2200000000003
2024-03-05,Paid Search,19408,1036,61,1603.91,6317.15,0.0533800494641385,0.05888030888030888,26.29360655737705,3.9385938113734555,4713.24
2024-03-06,Paid Search,19315,811,38,1341.95,3102.29,0.04198809215635516,0.0468557336621455,35.314473684210526,2.3117776370207532,1760.34
2024-03-07,Paid Search,20720,1248,51,1403.67,4255.62,0.06023166023166023,0.040865384615384616,27.52294117647059,3.031780974160593,2851.95
2024-03-08,Paid Search,15810,782,39,1468.18,4218.65,0.04946236559139785,0.049872122762148335,37.64564102564103,2.8733874593033546,2750.4699999999993
2024-03-09,Paid Search,13875,797,38,1581.02,3789.3,0.05744144144144144,0.04767879548306148,41.60578947368421,2.39674387420779,2208.28
2024-03-10,Paid Search,14286,716,38,1565.31,2924.85,0.0501189976200476,0.05307262569832402,41.19236842105263,1.8685436111696725,1359.54
2024-03-11,Paid Search,18663,1156,49,1519.67,5109.57,0.06194073835932058,0.04238754325259515,31.013673469387758,3.362289181203814,3589.8999999999996
2024-03-12,Paid Search,18419,1048,53,1383.48,4513.37,0.05689776860850209,0.05057251908396947,26.103396226415093,3.2623312227137364,3129.89
2024-03-13,Paid Search,17725,1030,59,1386.0,4893.03,0.05811001410437235,0.05728155339805825,23.491525423728813,3.530324675324675,3507.0299999999997
2024-03-14,Paid Search,20666,1009,40,1494.57,3892.25,0.04882415561792316,0.03964321110009911,37.36425,2.604260757274668,2397.6800000000003
2024-03-15,Paid Search,18020,1188,66,1462.06,6903.39,0.06592674805771365,0.05555555555555555,22.152424242424242,4.721687208459297,5441.33
2024-03-16,Paid Search,22189,1182,34,1348.74,3851.81,0.053269638108972915,0.028764805414551606,39.66882352941177,2.855858060115367,2503.0699999999997
2024-03-17,Paid Search,18194,1197,39,1220.66,3148.52,0.06579092008354402,0.03258145363408521,31.298974358974363,2.5793587075844213,1927.86
2024-03-18,Paid Search,16570,971,51,1241.77,5005.63,0.05859987929993965,0.05252317198764161,24.34843137254902,4.0310443963052744,3763.86
2024-03-19,Paid Search,13841,767,33,1478.62,3307.82,0.05541507116537822,0.04302477183833116,44.806666666666665,2.2370994576023593,1829.2000000000003
2024-03-20,Paid Search,18248,1118,56,1321.08,5658.39,0.061266988163086365,0.05008944543828265,23.590714285714284,4.283154691615951,4337.31
2024-03-21,Paid Search,17676,1000,55,1458.37,4978.12,0.05657388549445576,0.055,26.51581818181818,3.413482175305307,3519.75
2024-03-22,Paid Search,17521,946,52,1254.8,3758.51,0.053992352034701215,0.05496828752642706,24.13076923076923,2.9953060248645205,2503.71
2024-03-23,Paid Search,15332,548,22,1368.09,2277.96,0.03574223845551787,0.040145985401459854,62.185909090909085,1.6650658947876238,909.8700000000001
2024-03-24,Paid Search,18356,1174,71,1551.6,6689.04,0.06395728916975375,0.06047700170357751,21.853521126760562,4.311059551430781,5137.4400000000005
2024-03-25,Paid Search,18165,873,36,1300.53,2812.39,0.04805945499587118,0.041237113402061855,36.12583333333333,2.1624952903816137,1511.86
2024-03-26,Paid Search,17355,1069,68,1444.0,5388.53,0.061596081820800924,0.06361085126286249,21.235294117647058,3.731668975069252,3944.5299999999997
2024-03-27,Paid Search,16127,950,44,1503.97,3261.62,0.05890742233521424,0.04631578947368421,34.18113636363636,2.168673577265504,1757.6499999999999
2024-03-28,Paid Search,16910,855,32,1447.92,2801.32,0.05056179775280899,0.03742690058479532,45.2475,1.9347201502845461,1353.4
2024-03-29,Paid Search,17659,1019,52,1361.61,5722.89,0.057704286765955036,0.05103042198233562,26.18480769230769,4.2030317051137995,4361.280000000001
2024-03-30,Paid Search,15341,978,43,1442.94,4631.37,0.06375073332898767,0.04396728016359918,33.556744186046515,3.2096760780074014,3188.43
2024-01-01,Social Media,54278,685,20,905.0,1948.81,0.012620214451527322,0.029197080291970802,45.25,2.1533812154696133,1043.81
2024-01-02,Social Media,55881,778,14,898.14,1135.65,0.013922442332814373,0.017994858611825194,64.15285714285714,1.2644465228138153,237.5100000000001
2024-01-03,Social Media,56726,595,8,819.55,468.78,0.010489017381800232,0.013445378151260505,102.44375,0.5719968275273015,-350.77
2024-01-04,Social Media,52477,602,18,830.73,1590.34,0.01147169236046268,0.029900332225913623,46.15166666666667,1.9143885498296678,759.6099999999999
2024-01-05,Social Media,56912,641,13,944.58,1036.55,0.011263002530222097,0.0202808112324493,72.66,1.0973660251116897,91.96999999999991
2024-01-06,Social Media,53134,739,12,1087.03,936.71,0.013908232017164152,0.016238159675236806,90.58583333333333,0.8617149480695105,-150.31999999999994
2024-01-07,Social Media,56226,819,18,895.91,1501.85,0.01456621491836517,0.02197802197802198,49.772777777777776,1.6763402573919255,605.9399999999999
2024-01-08,Social Media,54062,572,13,947.92,910.38,0.010580444674632828,0.022727272727272728,72.91692307692307,0.9603975018988945,-37.539999999999964
2024-01-09,Social Media,60969,771,15,877.78,1233.74,0.012645770801554889,0.019455252918287938,58.51866666666667,1.4055230239923444,355.96000000000004
2024-01-10,Social Media,60145,523,10,792.36,593.66,0.008695652173913044,0.019120458891013385,79.236,0.7492301479125649,-198.70000000000005
2024-01-11,Social Media,62501,850,16,686.55,1022.99,0.013599782403481545,0.018823529411764704,42.909375,1.490044425023669,336.44000000000005
2024-01-12,Social Media,52010,850,20,933.49,1455.25,0.01634301095943088,0.023529411764705882,46.6745,1.5589347502383528,521.76
2024-01-13,Social Media,46414,532,11,956.94,849.14,0.011462058861550394,0.020676691729323307,86.99454545454546,0.887349259096704,-107.80000000000007
2024-01-14,Social Media,56895,751,14,1017.28,1209.65,0.013199753932683012,0.018641810918774968,72.66285714285713,1.189102312047814,192.37000000000012
2024-01-15,Social Media,49664,516,14,1001.08,1066.93,0.010389819587628865,0.027131782945736434,71.50571428571429,1.0657789587245774,65.85000000000002
2024-01-16,Social Media,52566,768,17,1012.66,1367.09,0.014610204314575962,0.022135416666666668,59.56823529411764,1.349999012501728,354.42999999999995
2024-01-17,Social Media,53010,546,10,787.27,822.34,0.010299943406904358,0.018315018315018316,78.727,1.0445463436940314,35.07000000000005
2024-01-18,Social Media,58506,645,17,843.37,945.03,0.011024510306635217,0.02635658914728682,49.61,1.1205402136665994,101.65999999999997
2024-01-19,Social Media,45724,480,11,881.76,839.55,0.010497769224039891,0.022916666666666665,80.16,0.9521298312465977,-42.210000000000036
2024-01-20,Social Media,54124,669,11,947.71,930.78,0.012360505505875398,0.016442451420029897,86.15545454545455,0.9821358854501904,-16.930000000000064
2024-01-21,Social Media,57117,742,17,893.73,1649.82,0.01299087837246354,0.022911051212938006,52.57235294117647,1.845993756503642,756.0899999999999
2024-01-22,Social Media,53311,567,9,836.01,597.17,0.010635703700924762,0.015873015873015872,92.89,0.7143096374445281,-238.84000000000003
2024-01-23,Social Media,54611,688,15,964.81,1062.52,0.012598194502938968,0.02180232558139535,64.32066666666667,1.10127382593464,97.71000000000004
2024-01-24,Social Media,59066,691,13,913.53,1080.73,0.011698777638573798,0.01881331403762663,70.27153846153846,1.1830262826617626,167.20000000000005
2024-01-25,Social Media,47035,558,12,913.67,834.95,0.011863505899861805,0.021505376344086023,76.13916666666667,0.9138419779570305,-78.71999999999991
2024-01-26,Social Media,46998,677,18,926.17,1361.46,0.014404868292267756,0.026587887740029542,51.45388888888888,1.4699893108176685,435.2900000000001
2024-01-27,Social Media,41745,414,8,951.44,543.72,0.009917355371900827,0.01932367149758454,118.93,0.57147061296561,-407.72
2024-01-28,Social Media,65985,652,11,1016.0,882.24,0.009881033568235205,0.01687116564417178,92.36363636363636,0.8683464566929134,-133.76
2024-01-29,Social Media,48276,600,18,807.76,1125.71,0.012428535918468804,0.03,44.87555555555556,1.3936193918985837,317.95000000000005
2024-01-30,Social Media,52670,582,14,772.2,1123.67,0.011049933548509588,0.024054982817869417,55.15714285714286,1.4551541051541053,351.47
2024-01-31,Social Media,57834,633,17,854.16,1226.14,0.010945118788256044,0.026856240126382307,50.24470588235294,1.4354921794511568,371.98000000000013
2024-02-01,Social Media,57976,775,18,938.74,1120.01,0.013367600386366772,0.023225806451612905,52.15222222222222,1.1930992607111661,181.26999999999998
2024-02-02,Social Media,49311,612,9,841.92,739.6,0.012411023909472532,0.014705882352941176,93.54666666666667,0.878468263017864,-102.31999999999994
2024-02-03,Social Media,47945,636,14,1004.48,1011.54,0.013265199707998748,0.0220125786163522,71.74857142857142,1.0070285122650524,7.059999999999945
2024-02-04,Social Media,52576,633,14,933.92,1010.8,0.012039713937918441,0.022116903633491312,66.70857142857143,1.0823196847695735,76.88
2024-02-05,Social Media,52066,586,16,726.28,1092.16,0.011254945645910959,0.027303754266211604,45.3925,1.5037726496667954,365.8800000000001
2024-02-06,Social Media,63860,1059,21,877.65,1257.3,0.016583150642029438,0.019830028328611898,41.792857142857144,1.432575628097761,379.65
2024-02-07,Social Media,53425,622,10,937.76,834.25,0.011642489471221339,0.01607717041800643,93.776,0.8896199454018086,-103.50999999999999
2024-02-08,Social Media,46780,620,19,875.71,1512.58,0.013253527148353997,0.03064516129032258,46.09,1.7272613079672492,636.8699999999999
2024-02-09,Social Media,54218,710,10,871.89,795.39,0.013095282009664687,0.014084507042253521,87.189,0.912259574028834,-76.5
2024-02-10,Social Media,65163,761,22,942.28,1488.72,0.011678406457652349,0.02890932982917214,42.83090909090909,1.579912552532156,546.44
2024-02-11,Social Media,56756,592,13,876.69,1161.54,0.010430615265346395,0.02195945945945946,67.43769230769232,1.3249153064367107,284.8499999999999
2024-02-12,Social Media,45694,546,9,894.13,673.16,0.011949052391998949,0.016483516483516484,99.34777777777778,0.752865914352499,-220.97000000000003
2024-02-13,Social Media,45618,414,9,715.34,657.97,0.009075364987504933,0.021739130434782608,79.48222222222222,0.919800374647021,-57.370000000000005
2024-02-14,Social Media,59316,740,13,960.18,853.77,0.012475554656416482,0.01756756756756757,73.86,0.8891770293070049,-106.40999999999997
2024-02-15,Social Media,56921,927,22,887.98,1795.84,0.016285729344178775,0.023732470334412083,40.36272727272728,2.0223878916191804,907.8599999999999
2024-02-16,Social Media,59492,780,21,868.65,1535.53,0.013111006521885295,0.026923076923076925,41.364285714285714,1.7677200253266563,666.88
2024-02-17,Social Media,52364,702,20,869.42,1474.11,0.013406156901688183,0.02849002849002849,43.471,1.6955096501115685,604.6899999999999
2024-02-18,Social Media,56727,655,17,840.48,967.7,0.0115465298711372,0.025954198473282442,49.44,1.1513658861602893,127.22000000000003
2024-02-19,Social Media,50696,396,7,885.52,486.04,0.007811267161117248,0.017676767676767676,126.50285714285714,0.5488752371487939,-399.47999999999996
2024-02-20,Social Media,61121,706,12,975.54,929.6,0.01155085813386561,0.0169971671388102,81.295,0.9529081329315047,-45.93999999999994
2024-02-21,Social Media,49632,514,12,946.62,911.12,0.010356221792392005,0.023346303501945526,78.885,0.9624981513173184,-35.5
2024-02-22,Social Media,54924,728,12,884.83,934.64,0.013254679193066783,0.016483516483516484,73.73583333333333,1.0562932992778273,49.809999999999945
2024-02-23,Social Media,48312,443,11,826.4,821.87,0.00916956449743335,0.024830699774266364,75.12727272727273,0.9945183930300097,-4.529999999999973
2024-02-24,Social Media,54471,764,9,833.55,575.92,0.014025811899910043,0.011780104712041885,92.61666666666666,0.6909243596664867,-257.63
2024-02-25,Social Media,63036,788,19,819.39,1279.23,0.012500793197537914,0.024111675126903553,43.12578947368421,1.5611979643393257,459.84000000000003
2024-02-26,Social Media,57462,695,16,920.03,1219.89,0.01209494970589259,0.02302158273381295,57.501875,1.3259241546471312,299.8600000000001
2024-02-27,Social Media,55869,748,19,738.2,1193.92,0.013388462295727505,0.02540106951871658,38.852631578947374,1.6173394743971823,455.72
2024-02-28,Social Media,60509,855,14,907.13,848.29,0.014130129402237684,0.016374269005847954,64.795,0.9351360885429872,-58.84000000000003
2024-02-29,Social Media,60119,915,22,835.69,1639.46,0.015219814035496266,0.024043715846994537,37.9859090909091,1.9618040182364274,803.77
2024-03-01,Social Media,55062,631,11,1028.53,1068.94,0.011459808942646471,0.017432646592709985,93.50272727272727,1.0392890824769332,40.41000000000008
2024-03-02,Social Media,61248,633,16,931.86,1343.79,0.010335031347962383,0.02527646129541864,58.24125,1.44205138110875,411.92999999999995
2024-03-03,Social Media,61873,813,20,924.54,1679.23,0.013139818660805198,0.024600246002460024,46.227,1.8162870184091549,754.69
2024-03-04,Social Media,45190,549,10,1021.09,660.21,0.012148705465811021,0.018214936247723135,102.10900000000001,0.6465737594139596,-360.88
2024-03-05,Social Media,64509,931,21,900.87,1903.48,0.014432094746469485,0.022556390977443608,42.89857142857143,2.1129352736798874,1002.61
2024-03-06,Social Media,56115,562,13,806.21,1021.35,0.010015147465027177,0.023131672597864767,62.01615384615385,1.2668535493233772,215.14
2024-03-07,Social Media,54718,648,19,900.82,1641.03,0.011842538104462882,0.029320987654320986,47.411578947368426,1.821706889278657,740.2099999999999
2024-03-08,Social Media,56368,680,14,889.12,950.16,0.012063582174283282,0.020588235294117647,63.50857142857143,1.0686521504408852,61.039999999999964
2024-03-09,Social Media,50896,496,12,771.36,979.95,0.009745363093366866,0.024193548387096774,64.28,1.2704184816428128,208.59000000000003
2024-03-10,Social Media,54325,749,19,902.8,1664.43,0.013787390704095721,0.025367156208277702,47.51578947368421,1.8436309260079753,761.6300000000001
2024-03-11,Social Media,50352,506,11,992.69,897.05,0.010049253257070226,0.021739130434782608,90.24454545454546,0.9036557233375977,-95.6400000000001
2024-03-12,Social Media,61049,718,11,915.64,825.14,0.011761044406951793,0.01532033426183844,83.24,0.9011620287449216,-90.5
2024-03-13,Social Media,53888,590,13,854.78,952.68,0.010948634204275534,0.022033898305084745,65.7523076923077,1.1145323943002878,97.89999999999998
2024-03-14,Social Media,56712,639,14,817.96,1127.8,0.011267456622936945,0.02190923317683881,58.425714285714285,1.3787960291456793,309.8399999999999
2024-03-15,Social Media,52353,763,12,765.95,698.26,0.014574140927931542,0.015727391874180863,63.82916666666667,0.9116260852536066,-67.69000000000005
2024-03-16,Social Media,55160,664,14,707.56,1251.11,0.012037708484408991,0.02108433734939759,50.54,1.7682034032449545,543.55
2024-03-17,Social Media,57177,846,14,845.79,1042.23,0.014796159294821344,0.016548463356973995,60.41357142857142,1.232256233816905,196.44000000000005
2024-03-18,Social Media,50081,571,16,875.81,1523.17,0.011401529522174079,0.028021015761821366,54.738125,1.7391557529601172,647.3600000000001
2024-03-19,Social Media,65477,789,23,909.44,1773.91,0.012050032835957665,0.029150823827629912,39.54086956521739,1.950551988036594,864.47
2024-03-20,Social Media,57010,1010,26,969.77,1855.88,0.017716190142080337,0.02574257425742574,37.298846153846156,1.9137321220495582,886.1100000000001
2024-03-21,Social Media,53009,589,15,920.06,1174.36,0.011111320719123168,0.025466893039049237,61.337333333333326,1.2763950177162358,254.29999999999995
2024-03-22,Social Media,55076,694,16,947.99,957.92,0.01260076984530467,0.023054755043227664,59.249375,1.0104747940379117,9.92999999999995
2024-03-23,Social Media,49598,466,10,850.07,787.86,0.009395540142747691,0.02145922746781116,85.007,0.9268177914759961,-62.210000000000036
2024-03-24,Social Media,59570,570,11,896.65,797.78,0.00956857478596609,0.01929824561403509,81.51363636363637,0.8897340099258351,-98.87
2024-03-25,Social Media,56533,575,14,763.78,1100.26,0.01017105053685458,0.02434782608695652,54.55571428571428,1.4405457068789442,336.48
2024-03-26,Social Media,44227,529,11,897.99,847.35,0.011961019286860967,0.020793950850661626,81.63545454545455,0.9436073898373033,-50.639999999999986
2024-03-27,Social Media,56240,770,13,821.28,871.39,0.013691322901849217,0.016883116883116882,63.175384615384615,1.061014513929476,50.110000000000014
2024-03-28,Social Media,56589,805,16,777.31,873.35,0.014225379490713744,0.01987577639751553,48.581875,1.123554309091611,96.04000000000008
2024-03-29,Social Media,50418,554,11,877.55,861.97,0.010988139156650402,0.019855595667870037,79.77727272727272,0.982246025867472,-15.579999999999927
2024-03-30,Social Media,60771,655,11,789.43,907.31,0.01077816721791644,0.016793893129770993,71.76636363636364,1.1493229292020826,117.88
2024-01-01,Email,12467,2278,137,114.03,14353.79,0.18272238710194916,0.0601404741000878,0.8323357664233577,125.87731298781023,14239.76
2024-01-02,Email,14472,2516,116,109.67,10293.65,0.173852957435047,0.046104928457869634,0.9454310344827587,93.8602170146804,10183.98
2024-01-03,Email,11097,2116,145,129.48,11807.34,0.1906821663512661,0.06852551984877127,0.8929655172413793,91.19045412418907,11677.86
2024-01-04,Email,13389,2929,200,101.94,20479.56,0.21876167002763464,0.06828269033799932,0.5097,200.89817539729253,20377.620000000003
2024-01-05,Email,11618,1819,115,118.4,9426.03,0.1565673954208986,0.06322155030236394,1.0295652173913044,79.61173986486487,9307.630000000001
2024-01-06,Email,14258,2501,167,120.73,14286.39,0.17541029597418992,0.0667732906837265,0.722934131736527,118.33338855296942,14165.66
2024-01-07,Email,12007,2306,176,122.97,18549.78,0.19205463479636878,0.07632263660017347,0.6986931818181819,150.8480117101732,18426.809999999998
2024-01-08,Email,12707,1892,115,128.31,11261.89,0.14889431022271188,0.060782241014799156,1.1157391304347826,87.77094536669004,11133.58
2024-01-09,Email,12253,2498,170,122.78,17114.79,0.2038684403819473,0.06805444355484387,0.7222352941176471,139.3939566704675,16992.010000000002
2024-01-10,Email,11573,2188,56,84.98,5154.42,0.18906074483712088,0.025594149908592323,1.5175,60.65450694281007,5069.4400000000005
2024-01-11,Email,9931,1908,129,113.16,9768.49,0.19212566710301077,0.06761006289308176,0.8772093023255814,86.32458465889007,9655.33
2024-01-12,Email,13644,2277,204,123.92,17947.86,0.16688654353562005,0.08959156785243742,0.6074509803921568,144.83424790187217,17823.940000000002
2024-01-13,Email,13940,2558,126,119.66,10942.0,0.18350071736011478,0.04925723221266615,0.9496825396825397,91.44242019053986,10822.34
2024-01-14,Email,10362,1793,94,120.33,9189.55,0.173036093418259,0.05242610150585611,1.2801063829787234,76.36956702401729,9069.22
2024-01-15,Email,11660,2065,133,110.4,12570.3,0.17710120068610635,0.06440677966101695,0.8300751879699249,113.86141304347825,12459.9
2024-01-16,Email,10750,2255,128,124.26,9348.88,0.20976744186046511,0.056762749445676275,0.97078125,75.2364397231611,9224.619999999999
2024-01-17,Email,12556,1741,112,123.59,10725.99,0.13865880853775087,0.064330844342332,1.1034821428571429,86.78687596083824,10602.4
2024-01-18,Email,12758,1812,119,115.37,10091.72,0.14202853111773006,0.06567328918322296,0.9694957983193278,87.47265320273901,9976.349999999999
2024-01-19,Email,13044,2868,241,118.95,24554.13,0.21987120515179392,0.08403068340306834,0.4935684647302905,206.42395964691048,24435.18
2024-01-20,Email,12423,2493,158,127.91,14122.18,0.20067616517749337,0.06337745687926194,0.8095569620253165,110.40716128527872,13994.27
2024-01-21,Email,11928,1912,108,120.03,10226.96,0.1602951039570758,0.056485355648535567,1.111388888888889,85.20336582521035,10106.929999999998
2024-01-22,Email,12408,2457,140,123.64,13438.04,0.1980174081237911,0.05698005698005698,0.8831428571428571,108.68683274021353,13314.400000000001
2024-01-23,Email,10518,2302,128,109.97,9026.84,0.21886290169233694,0.05560382276281494,0.859140625,82.08456851868692,8916.87
2024-01-24,Email,10774,1954,114,125.95,9626.51,0.1813625394468164,0.05834186284544524,1.1048245614035088,76.43120285827709,9500.56
2024-01-25,Email,12407,2339,156,99.76,14743.0,0.18852260820504554,0.06669516887558785,0.6394871794871795,147.78468323977546,14643.24
2024-01-26,Email,11562,1400,87,130.04,7651.74,0.12108631724615118,0.062142857142857146,1.4947126436781608,58.84143340510612,7521.7
2024-01-27,Email,13425,2490,138,114.93,12851.02,0.18547486033519553,0.05542168674698795,0.8328260869565218,111.81606195075263,12736.09
2024-01-28,Email,11998,2479,136,126.5,13125.08,0.20661776962827139,0.05486083098023396,0.9301470588235294,103.75557312252964,12998.58
2024-01-29,Email,10854,2239,158,112.68,14074.06,0.2062833978256864,0.07056721750781599,0.7131645569620254,124.90291089811855,13961.38
2024-01-30,Email,10968,1815,124,124.2,9660.67,0.16548140043763676,0.06831955922865014,1.0016129032258065,77.78317230273751,9536.47
2024-01-31,Email,10509,1833,116,106.78,13203.19,0.17442192406508708,0.06328423349699945,0.9205172413793103,123.64852968720734,13096.41
2024-02-01,Email,13766,2533,169,124.27,15083.21,0.18400406799360744,0.06671930517173312,0.7353254437869823,121.37450712159009,14958.939999999999
2024-02-02,Email,11815,2590,145,113.81,14493.68,0.21921286500211595,0.055984555984555984,0.784896551724138,127.34979351550831,14379.87
2024-02-03,Email,11927,1801,121,119.26,12494.52,0.151001928397753,0.06718489727928928,0.9856198347107439,104.76706355861144,12375.26
2024-02-04,Email,11763,1763,104,111.24,7402.73,0.1498767321261583,0.05899035734543392,1.0696153846153846,66.54737504494786,7291.49
2024-02-05,Email,12272,2646,256,133.78,20942.25,0.21561277705345502,0.09674981103552532,0.522578125,156.54245776648227,20808.47
2024-02-06,Email,12292,2162,145,121.06,12854.81,0.17588675561340708,0.06706753006475485,0.8348965517241379,106.18544523376838,12733.75
2024-02-07,Email,11510,1637,70,117.34,6642.88,0.1422241529105126,0.04276114844227245,1.6762857142857144,56.61223794102608,6525.54
2024-02-08,Email,11284,2033,146,113.7,13126.08,0.18016660758596242,0.07181505164781112,0.7787671232876713,115.4448548812665,13012.38
2024-02-09,Email,13471,2999,204,131.92,20049.5,0.22262638259965853,0.06802267422474158,0.6466666666666666,151.98226197695575,19917.58
2024-02-10,Email,13356,2625,182,109.47,17014.75,0.19654088050314467,0.06933333333333333,0.6014835164835165,155.4284278797844,16905.28
2024-02-11,Email,12840,1841,96,128.07,9769.5,0.14338006230529596,0.052145573058120585,1.3340625,76.28250175685173,9641.43
2024-02-12,Email,13784,2380,113,120.98,9657.09,0.1726639582124202,0.04747899159663865,1.0706194690265487,79.82385518267482,9536.11
2024-02-13,Email,12094,2547,146,110.51,13390.75,0.21060029766826527,0.05732234000785238,0.7569178082191781,121.17229210026241,13280.24
2024-02-14,Email,12540,2258,119,118.23,10175.65,0.18006379585326954,0.05270150575730735,0.9935294117647059,86.0665651695847,10057.42
2024-02-15,Email,11675,2659,161,99.86,13753.34,0.22775160599571734,0.06054907860097781,0.620248447204969,137.72621670338475,13653.48
2024-02-16,Email,10926,1889,101,118.42,10361.67,0.17289035328574043,0.05346744309158285,1.1724752475247524,87.49932443843946,10243.25
2024-02-17,Email,13546,2460,153,120.04,13320.53,0.18160342536542154,0.06219512195121951,0.7845751633986928,110.96742752415861,13200.49
2024-02-18,Email,14062,1650,61,120.14,5018.11,0.11733750533352297,0.03696969696969697,1.9695081967213115,41.7688530048277,4897.969999999999
2024-02-19,Email,12828,2472,141,129.89,13925.32,0.19270346117867165,0.05703883495145631,0.9212056737588652,107.20856109015321,13795.43
2024-02-20,Email,12220,2517,164,126.7,13459.6,0.20597381342062193,0.06515693285657528,0.7725609756097561,106.23204419889503,13332.9
2024-02-21,Email,12132,2184,175,106.39,10870.79,0.18001978239366964,0.08012820512820513,0.6079428571428571,102.17868220697434,10764.400000000001
2024-02-22,Email,10575,1799,105,110.54,7568.68,0.17011820330969268,0.058365758754863814,1.0527619047619048,68.47005608829383,7458.14
2024-02-23,Email,10966,2701,227,116.51,18988.99,0.24630676636877621,0.08404294705664568,0.5132599118942731,162.9816324778989,18872.480000000003
2024-02-24,Email,10620,1364,82,119.19,6351.94,0.12843691148775896,0.060117302052785926,1.4535365853658537,53.29255810051178,6232.75
2024-02-25,Email,10079,1606,102,124.01,9370.45,0.15934120448457187,0.06351183063511831,1.2157843137254902,75.56205144746392,9246.44
2024-02-26,Email,10415,2115,110,119.9,10415.13,0.20307249159865579,0.05200945626477541,1.09,86.86513761467889,10295.23
2024-02-27,Email,10348,1774,118,118.65,11147.8,0.1714340935446463,0.0665163472378805,1.0055084745762712,93.95533080488832,11029.15
2024-02-28,Email,13838,2867,168,138.56,16114.78,0.20718311894782482,0.058597837460760374,0.8247619047619048,116.30181870669746,15976.220000000001
2024-02-29,Email,14352,2107,106,109.84,10990.16,0.14680880713489408,0.05030849549121975,1.0362264150943397,100.05608157319737,10880.32
2024-03-01,Email,10412,1737,116,113.75,10082.57,0.1668267383787937,0.0667818077144502,0.9806034482758621,88.63797802197801,9968.82
2024-03-02,Email,11190,1798,91,122.86,10200.56,0.16067917783735478,0.05061179087875417,1.35010989010989,83.02588311899723,10077.699999999999
2024-03-03,Email,13064,2179,130,94.54,10460.43,0.1667942437232088,0.05966039467645709,0.7272307692307692,110.6455468584726,10365.89
2024-03-04,Email,10346,1356,46,132.72,3467.34,0.13106514595012564,0.03392330383480826,2.885217391304348,26.125226039783,3334.6200000000003
2024-03-05,Email,11946,2566,172,111.35,16557.38,0.21479993303197722,0.06703039750584568,0.6473837209302326,148.6967220475977,16446.030000000002
2024-03-06,Email,12628,2521,138,125.44,12959.41,0.199635730123535,0.05474018246727489,0.9089855072463768,103.3116230867347,12833.97
2024-03-07,Email,11340,1697,80,123.14,7113.08,0.149647266313933,0.04714201532115498,1.53925,57.764170862433005,6989.94
2024-03-08,Email,11048,1996,137,134.9,12950.35,0.18066618392469225,0.0686372745490982,0.9846715328467154,95.99962935507783,12815.45
2024-03-09,Email,13532,2069,171,130.03,14089.18,0.15289683712681051,0.08264862252295795,0.7604093567251462,108.35330308390371,13959.15
2024-03-10,Email,12081,2040,80,105.03,6895.06,0.16886019369257513,0.0392156862745098,1.312875,65.64848138627059,6790.030000000001
2024-03-11,Email,13160,2907,151,113.04,13769.51,0.2208966565349544,0.05194358445132439,0.7486092715231788,121.81095187544231,13656.47
2024-03-12,Email,11245,2259,138,115.37,14679.15,0.20088928412627835,0.06108897742363878,0.8360144927536233,127.23541648608823,14563.779999999999
2024-03-13,Email,13199,2410,173,119.52,14407.1,0.18258959012046366,0.07178423236514522,0.6908670520231214,120.54133199464526,14287.58
2024-03-14,Email,11861,1867,131,125.7,12427.53,0.15740662675996964,0.07016604177825388,0.9595419847328245,98.86658711217184,12301.83
2024-03-15,Email,13844,3033,173,114.01,15905.52,0.21908407974573824,0.05703923508077811,0.6590173410404625,139.5098675554776,15791.51
2024-03-16,Email,12028,1970,161,117.91,14786.35,0.16378450282673762,0.0817258883248731,0.7323602484472049,125.40369773556102,14668.44
2024-03-17,Email,13432,1630,60,120.58,5784.24,0.12135199523525908,0.03680981595092025,2.0096666666666665,47.97014430253773,5663.66
2024-03-18,Email,12300,1773,109,127.91,11898.12,0.14414634146341462,0.06147772137619854,1.17348623853211,93.01946681260262,11770.210000000001
2024-03-19,Email,12203,2051,117,122.47,7665.33,0.16807342456772925,0.05704534373476353,1.0467521367521369,62.589450477668,7542.86
2024-03-20,Email,13014,1788,96,110.73,7274.61,0.13739050253573076,0.053691275167785234,1.1534375000000001,65.69683012733675,7163.88
2024-03-21,Email,12064,1492,103,117.59,9883.95,0.1236737400530504,0.0690348525469169,1.1416504854368932,84.05434135555745,9766.36
2024-03-22,Email,9023,1381,106,116.66,6218.42,0.15305330821234622,0.07675597393193338,1.100566037735849,53.30378878793074,6101.76
2024-03-23,Email,10583,2134,114,125.43,10518.3,0.20164414627232355,0.053420805998125584,1.1002631578947368,83.85792872518535,10392.869999999999
2024-03-24,Email,14203,2478,165,131.43,11932.44,0.1744701823558403,0.06658595641646489,0.7965454545454546,90.7893175074184,11801.01
2024-03-25,Email,11087,1827,112,122.2,8007.55,0.16478758906827817,0.06130268199233716,1.0910714285714287,65.52823240589198,7885.35
2024-03-26,Email,13160,2472,104,127.12,9016.03,0.1878419452887538,0.042071197411003236,1.2223076923076923,70.92534612964128,8888.91
2024-03-27,Email,9746,1471,107,123.95,9721.19,0.15093371639647035,0.07273963290278722,1.158411214953271,78.42831787010891,9597.24
2024-03-28,Email,14231,2741,192,117.95,22392.09,0.19260768744290632,0.0700474279460051,0.6143229166666667,189.84391691394657,22274.14
2024-03-29,Email,11042,2115,142,110.09,11706.18,0.19154138742981344,0.06713947990543735,0.7752816901408451,106.33281860296121,11596.09
2024-03-30,Email,14771,2789,147,118.95,14357.82,0.18881592309254622,0.052707063463607026,0.8091836734693878,120.7046658259773,14238.869999999999
2024-01-01,Display,77976,338,3,691.82,225.14,0.004334667077049348,0.008875739644970414,230.60666666666668,0.3254314706137434,-466.68000000000006
2024-01-02,Display,83729,316,4,587.81,273.82,0.0037740806650025677,0.012658227848101266,146.9525,0.46583079566526603,-313.98999999999995
2024-01-03,Display,76977,350,3,581.78,238.34,0.0045468126843083,0.008571428571428572,193.92666666666665,0.40967375984048954,-343.43999999999994
2024-01-04,Display,83015,275,5,646.06,413.81,0.003312654339577185,0.01818181818181818,129.212,0.6405132650218247,-232.24999999999994
2024-01-05,Display,67881,305,4,598.83,232.52,0.004493157142646691,0.013114754098360656,149.7075,0.3882904998079588,-366.31000000000006
2024-01-06,Display,82916,359,5,670.73,372.58,0.004329683052728062,0.013927576601671309,134.14600000000002,0.555484323051004,-298.15000000000003
2024-01-07,Display,89808,204,2,515.9,141.15,0.0022715125601282735,0.00980392156862745,257.95,0.2735995347935647,-374.75
2024-01-08,Display,80753,383,4,556.04,299.63,0.004742857850482335,0.010443864229765013,139.01,0.5388641104956479,-256.40999999999997
2024-01-09,Display,74624,364,4,510.18,303.97,0.00487778730703259,0.01098901098901099,127.545,0.5958093222000079,-206.20999999999998
2024-01-10,Display,94898,413,5,532.33,384.86,0.004352041138907037,0.012106537530266344,106.46600000000001,0.7229725921890556,-147.47000000000003
2024-01-11,Display,89460,340,4,572.13,271.01,0.0038005812653699976,0.011764705882352941,143.0325,0.4736860503731669,-301.12
2024-01-12,Display,85557,355,6,624.63,431.54,0.004149280596561357,0.016901408450704224,104.105,0.690872996814114,-193.08999999999997
2024-01-13,Display,76649,409,4,665.66,331.58,0.005336012211509609,0.009779951100244499,166.415,0.49812216446834723,-334.08
2024-01-14,Display,73182,390,7,601.35,562.73,0.005329179306386817,0.017948717948717947,85.90714285714286,0.935777833208614,-38.620000000000005
2024-01-15,Display,78262,303,4,608.7,336.42,0.003871610743400373,0.013201320132013201,152.175,0.552686052242484,-272.28000000000003
2024-01-16,Display,72708,326,5,635.78,388.28,0.004483688177367003,0.015337423312883436,127.15599999999999,0.6107143980622227,-247.5
2024-01-17,Display,77832,267,3,611.37,173.61,0.0034304656182547024,0.011235955056179775,203.79,0.2839687914029148,-437.76
2024-01-18,Display,79332,296,1,653.8,61.22,0.00373115514546463,0.0033783783783783786,262.38040000000024,0.09363719791985317,-592.5799999999999
2024-01-19,Display,74682,314,3,593.09,253.29,0.004204493720039635,0.009554140127388535,197.6966666666667,0.42706840445800803,-339.80000000000007
2024-01-20,Display,82320,444,8,571.53,554.81,0.005393586005830904,0.018018018018018018,71.44125,0.9707451927282906,-16.720000000000027
2024-01-21,Display,77395,333,4,670.42,274.34,0.0043026035273596485,0.012012012012012012,167.605,0.40920616926702663,-396.08
2024-01-22,Display,79086,425,6,617.15,524.55,0.005373896770604152,0.01411764705882353,102.85833333333333,0.8499554403305517,-92.60000000000002
2024-01-23,Display,87703,312,3,647.45,227.92,0.003557460976249387,0.009615384615384616,215.8166666666667,0.35202718356629853,-419.5300000000001
2024-01-24,Display,80322,259,2,515.15,119.34,0.003224521301760414,0.007722007722007722,257.575,0.2316606813549452,-395.80999999999995
2024-01-25,Display,80875,378,5,590.84,262.35,0.004673879443585781,0.013227513227513227,118.168,0.444028840295173,-328.49
2024-01-26,Display,78697,413,4,681.88,274.5,0.00524797641587354,0.009685230024213076,170.47,0.4025635009092509,-407.38
2024-01-27,Display,83599,362,5,637.33,374.25,0.0043301953372648,0.013812154696132596,127.46600000000001,0.5872154143065601,-263.08000000000004
2024-01-28,Display,73524,332,3,608.58,224.51,0.004515532343180458,0.009036144578313253,202.86,0.3689079496532912,-384.07000000000005
2024-01-29,Display,75069,299,3,583.03,188.22,0.003983002304546484,0.010033444816053512,194.34333333333333,0.3228307291220006,-394.80999999999995
2024-01-30,Display,71168,298,3,543.29,234.45,0.004187275179856115,0.010067114093959731,181.09666666666666,0.4315374845846601,-308.84
2024-01-31,Display,75469,273,5,589.84,374.27,0.0036173793213107367,0.018315018315018316,117.968,0.63452800759528,-215.57000000000005
2024-02-01,Display,83989,229,3,606.35,267.78,0.0027265475240805344,0.013100436681222707,202.11666666666667,0.44162612352601627,-338.57000000000005
2024-02-02,Display,80543,348,6,519.25,328.45,0.0043206734290999835,0.017241379310344827,86.54166666666667,0.6325469427058257,-190.8
2024-02-03,Display,81682,291,5,507.14,346.38,0.003562596410469871,0.01718213058419244,101.428,0.6830066648262807,-160.76
2024-02-04,Display,69855,164,2,579.63,140.74,0.0023477202777181304,0.012195121951219513,262.38040000000024,0.24281006849196904,-438.89
2024-02-05,Display,88631,418,6,629.63,321.34,0.004716182825422256,0.014354066985645933,104.93833333333333,0.5103632291981004,-308.29
2024-02-06,Display,84442,353,6,696.42,371.62,0.0041803841690154185,0.0169971671388102,116.07,0.5336147726946383,-324.79999999999995
2024-02-07,Display,72324,321,3,672.79,191.89,0.004438360710137714,0.009345794392523364,224.26333333333332,0.2852152974925311,-480.9
2024-02-08,Display,77912,350,5,665.46,355.47,0.004492247664031215,0.014285714285714285,133.092,0.5341718510504012,-309.99
2024-02-09,Display,78106,228,2,618.98,153.52,0.002919109927534376,0.008771929824561403,262.38040000000024,0.24802093767165337,-465.46000000000004
2024-02-10,Display,67463,240,3,533.96,206.53,0.0035575055956598434,0.0125,177.98666666666668,0.3867892726046895,-327.43000000000006
2024-02-11,Display,74973,267,4,593.0,315.96,0.0035612820615421553,0.0149812734082397,148.25,0.5328161888701517,-277.04
2024-02-12,Display,76863,313,3,554.87,186.27,0.004072180372871212,0.009584664536741214,184.95666666666668,0.3357002541135762,-368.6
2024-02-13,Display,74921,247,3,523.82,234.91,0.0032968059689539647,0.012145748987854251,174.60666666666668,0.4484555763430185,-288.9100000000001
2024-02-14,Display,80201,310,4,530.23,287.55,0.0038652884627373724,0.012903225806451613,132.5575,0.5423118269430247,-242.68
2024-02-15,Display,69900,280,5,616.59,264.35,0.004005722460658083,0.017857142857142856,123.31800000000001,0.4287289771160739,-352.24
2024-02-16,Display,89516,349,5,594.27,329.63,0.0038987443585504268,0.014326647564469915,118.854,0.5546805324179245,-264.64
2024-02-17,Display,67032,173,3,578.13,190.47,0.002580856904165175,0.017341040462427744,192.71,0.3294587722484562,-387.65999999999997
2024-02-18,Display,68908,217,3,618.14,197.09,0.0031491263713937425,0.013824884792626729,206.04666666666665,0.31884362765716506,-421.04999999999995
2024-02-19,Display,83620,350,5,548.76,428.16,0.004185601530734274,0.014285714285714285,109.752,0.7802317953203587,-120.59999999999997
2024-02-20,Display,79560,372,6,585.01,358.3,0.004675716440422323,0.016129032258064516,97.50166666666667,0.6124681629373857,-226.70999999999998
2024-02-21,Display,90864,391,6,581.58,420.72,0.004303134354639902,0.015345268542199489,96.93,0.7234086454142165,-160.86
2024-02-22,Display,82305,316,4,567.45,290.72,0.0038393779235769395,0.012658227848101266,141.8625,0.5123270772755308,-276.73
2024-02-23,Display,84257,484,4,563.51,299.2,0.005744329847965154,0.008264462809917356,140.8775,0.5309577469787581,-264.31
2024-02-24,Display,84619,340,5,609.24,410.78,0.004018010139566764,0.014705882352941176,121.848,0.674249885102751,-198.46000000000004
2024-02-25,Display,89056,230,4,651.74,300.96,0.0025826446280991736,0.017391304347826087,162.935,0.4617792371190965,-350.78000000000003
2024-02-26,Display,70240,245,3,613.59,215.56,0.0034880410022779043,0.012244897959183673,204.53,0.351309506347887,-398.03000000000003
2024-02-27,Display,88676,260,4,590.22,288.29,0.0029320221931526005,0.015384615384615385,147.555,0.48844498661516045,-301.93
2024-02-28,Display,68231,293,2,528.38,155.2,0.0042942357579399395,0.006825938566552901,262.38040000000024,0.2937279987887505,-373.18
2024-02-29,Display,80427,315,5,566.68,352.28,0.00391659517326271,0.015873015873015872,113.33599999999998,0.6216559610362109,-214.39999999999998
2024-03-01,Display,75947,361,5,588.65,343.34,0.004753314811644963,0.013850415512465374,117.72999999999999,0.5832667969081797,-245.31
2024-03-02,Display,67462,285,2,606.17,156.99,0.004224600515845957,0.007017543859649123,262.38040000000024,0.2589867528911032,-449.17999999999995
2024-03-03,Display,99095,330,4,657.19,350.15,0.0033301377466067915,0.012121212121212121,164.2975,0.5327987340038649,-307.0400000000001
2024-03-04,Display,74430,307,4,566.46,297.74,0.004124680908235926,0.013029315960912053,141.615,0.5256152243759489,-268.72
2024-03-05,Display,79285,241,3,589.08,227.66,0.0030396670240272435,0.012448132780082987,196.36,0.38646703334012356,-361.4200000000001
2024-03-06,Display,67079,308,4,586.53,262.91,0.00459160094813578,0.012987012987012988,146.6325,0.4482464665064021,-323.61999999999995
2024-03-07,Display,67994,230,3,569.3,247.84,0.0033826514104185663,0.013043478260869565,189.76666666666665,0.43534164763744954,-321.4599999999999
2024-03-08,Display,85121,312,4,641.91,283.11,0.0036653704726213273,0.01282051282051282,160.4775,0.4410431368883489,-358.79999999999995
2024-03-09,Display,75721,231,2,540.05,134.81,0.003050672864859154,0.008658008658008658,262.38040000000024,0.24962503471900752,-405.23999999999995
2024-03-10,Display,83281,309,6,609.77,341.92,0.003710330087294821,0.019417475728155338,101.62833333333333,0.5607360152188531,-267.84999999999997
2024-03-11,Display,70976,262,4,611.37,207.64,0.0036913886384129847,0.015267175572519083,152.8425,0.33963066555441057,-403.73
2024-03-12,Display,95223,354,5,592.13,404.28,0.0037175892378942064,0.014124293785310734,118.426,0.6827554759934473,-187.85000000000002
2024-03-13,Display,75352,198,3,551.39,213.07,0.00262766748062427,0.015151515151515152,183.79666666666665,0.386423402673244,-338.32
2024-03-14,Display,81012,295,3,535.76,231.72,0.0036414358366661727,0.010169491525423728,178.58666666666667,0.4325070927280872,-304.03999999999996
2024-03-15,Display,88378,279,3,654.11,265.84,0.0031568942497001515,0.010752688172043012,218.03666666666666,0.40641482319487543,-388.27000000000004
2024-03-16,Display,80780,277,3,601.8,217.9,0.0034290666006437237,0.010830324909747292,200.6,0.36208042539049523,-383.9
2024-03-17,Display,79273,315,4,575.21,238.17,0.003973610182533776,0.012698412698412698,143.8025,0.41405747466142795,-337.0400000000001
2024-03-18,Display,87316,277,3,605.34,194.75,0.003172385358926199,0.010830324909747292,201.78,0.3217200251098556,-410.59000000000003
2024-03-19,Display,76890,375,6,632.22,364.0,0.004877097151775264,0.016,105.37,0.5757489481509601,-268.22
2024-03-20,Display,73802,269,4,642.86,271.01,0.0036448876724208016,0.01486988847583643,160.715,0.42156923747005565,-371.85
2024-03-21,Display,73803,267,3,652.76,201.34,0.0036177391162960856,0.011235955056179775,217.58666666666667,0.30844414486181754,-451.41999999999996
2024-03-22,Display,85030,427,9,603.38,567.85,0.005021757026931671,0.02107728337236534,67.04222222222222,0.9411150518744407,-35.52999999999997
2024-03-23,Display,70590,249,3,549.51,188.6,0.0035274118147046326,0.012048192771084338,183.17,0.3432148641516988,-360.90999999999997
2024-03-24,Display,78845,257,4,734.86,256.28,0.003259559895998478,0.01556420233463035,183.715,0.3487467000517105,-478.58000000000004
2024-03-25,Display,76388,308,3,653.74,260.22,0.004032046918364141,0.00974025974025974,217.91333333333333,0.3980481537002478,-393.52
2024-03-26,Display,82375,262,4,670.19,249.24,0.003180576631259484,0.015267175572519083,167.5475,0.37189453736999956,-420.95000000000005
2024-03-27,Display,86473,350,2,633.01,127.01,0.0040475061579915116,0.005714285714285714,262.38040000000024,0.20064453958073333,-506.0
2024-03-28,Display,89703,418,4,648.74,298.42,0.004659821856571129,0.009569377990430622,162.185,0.45999938342016833,-350.32
2024-03-29,Display,66733,266,4,511.1,277.61,0.003986033896273208,0.015037593984962405,127.775,0.5431618078653884,-233.49
2024-03-30,Display,77394,294,4,578.74,268.53,0.003798744088689046,0.013605442176870748,144.685,0.4639907385008812,-310.21000000000004
2024-01-01,Affiliate,8964,650,25,503.69,2424.65,0.07251227130745203,0.038461538461538464,20.1476,4.813774345331454,1920.96
2024-01-02,Affiliate,7271,529,21,538.43,2152.2,0.07275477926007427,0.03969754253308128,25.63952380952381,3.9971769775086825,1613.77
2024-01-03,Affiliate,7242,346,14,506.81,1426.78,0.04777685722176194,0.04046242774566474,36.200714285714284,2.815216747893688,919.97
2024-01-04,Affiliate,8584,641,31,489.57,3345.64,0.07467381174277726,0.0483619344773791,15.79258064516129,6.83383377249423,2856.0699999999997
2024-01-05,Affiliate,7103,538,27,464.81,2967.01,0.07574264395325919,0.05018587360594796,17.215185185185184,6.383274886512769,2502.2000000000003
2024-01-06,Affiliate,9606,737,39,490.94,3559.78,0.0767228815323756,0.052917232021709636,12.588205128205129,7.25094716258606,3068.84
2024-01-07,Affiliate,9672,663,21,523.15,2248.57,0.06854838709677419,0.03167420814479638,24.91190476190476,4.298136289783045,1725.42
2024-01-08,Affiliate,9079,637,24,463.97,2882.26,0.07016191210485737,0.03767660910518053,19.332083333333333,6.212168890229972,2418.29
2024-01-09,Affiliate,8471,576,27,447.59,2259.15,0.06799669460512336,0.046875,16.577407407407406,5.047364775799281,1811.5600000000002
2024-01-10,Affiliate,7166,489,15,526.46,1459.4,0.06823890594473904,0.03067484662576687,35.09733333333334,2.772100444478213,932.94
2024-01-11,Affiliate,8422,592,22,519.01,2424.99,0.07029209213963429,0.037162162162162164,23.591363636363635,4.67233771988979,1905.9799999999998
2024-01-12,Affiliate,8377,555,27,444.12,2884.0,0.06625283514384625,0.04864864864864865,16.448888888888888,6.493740430514276,2439.88
2024-01-13,Affiliate,9590,546,28,511.6,3206.98,0.05693430656934306,0.05128205128205128,18.271428571428572,6.2685301016419075,2695.38
2024-01-14,Affiliate,9141,602,28,509.42,2728.93,0.06585712722896839,0.046511627906976744,18.193571428571428,5.356935338227788,2219.5099999999998
2024-01-15,Affiliate,9784,609,21,457.42,1835.0,0.06224448078495503,0.034482758620689655,21.781904761904762,4.011630449040269,1377.58
2024-01-16,Affiliate,7354,554,30,434.96,3583.38,0.07533315202610824,0.05415162454873646,14.498666666666667,8.238412727607137,3148.42
2024-01-17,Affiliate,9652,796,29,419.68,2994.01,0.08246995441359303,0.0364321608040201,14.471724137931036,7.134030690049562,2574.3300000000004
2024-01-18,Affiliate,9240,528,22,521.71,1823.6,0.05714285714285714,0.041666666666666664,23.71409090909091,3.4954284947576237,1301.8899999999999
2024-01-19,Affiliate,9922,595,18,489.34,1360.99,0.05996774843781496,0.030252100840336135,27.185555555555553,2.7812768218416646,871.6500000000001
2024-01-20,Affiliate,8476,442,19,456.97,1833.35,0.05214723926380368,0.042986425339366516,24.051052631578948,4.011970151213427,1376.3799999999999
2024-01-21,Affiliate,8500,670,30,524.76,3012.25,0.07882352941176471,0.04477611940298507,17.492,5.740243158777346,2487.49
2024-01-22,Affiliate,7955,543,22,517.42,2117.48,0.06825895663104965,0.040515653775322284,23.519090909090906,4.0923814309458475,1600.06
2024-01-23,Affiliate,8297,607,27,547.61,1789.94,0.07315897312281548,0.044481054365733116,20.28185185185185,3.2686400905754094,1242.33
2024-01-24,Affiliate,6257,386,19,441.35,1864.21,0.06169090618507272,0.04922279792746114,23.228947368421053,4.2238812733658095,1422.8600000000001
2024-01-25,Affiliate,8015,628,15,497.8,1737.28,0.07835308796007485,0.02388535031847134,33.18666666666667,3.489915628766573,1239.48
2024-01-26,Affiliate,7926,491,16,529.3,1801.64,0.061948019177390866,0.032586558044806514,33.08125,3.403816361231816,1272.3400000000001
2024-01-27,Affiliate,7452,476,16,446.0,1885.32,0.06387546967257113,0.03361344537815126,27.875,4.227174887892376,1439.32
2024-01-28,Affiliate,10443,706,22,467.94,2061.62,0.0676050943215551,0.031161473087818695,21.27,4.405735778091208,1593.6799999999998
2024-01-29,Affiliate,7852,541,16,484.81,1205.0,0.06889964340295467,0.029574861367837338,30.300625,2.48550978733937,720.19
2024-01-30,Affiliate,7377,445,14,580.04,1278.71,0.06032262437305137,0.03146067415730337,41.43142857142857,2.2045203779049722,698.6700000000001
2024-01-31,Affiliate,9050,638,16,508.61,1503.93,0.07049723756906077,0.025078369905956112,31.788125,2.956941467922377,995.32
2024-02-01,Affiliate,8077,624,19,476.56,1871.4,0.07725640708183731,0.030448717948717948,25.082105263157896,3.9268927312405575,1394.8400000000001
2024-02-02,Affiliate,9147,562,21,470.62,2081.31,0.061440909587843005,0.037366548042704624,22.410476190476192,4.4224852322468235,1610.69
2024-02-03,Affiliate,9436,664,26,531.86,2515.01,0.07036880033912675,0.0391566265060241,20.456153846153846,4.728706802542023,1983.15
2024-02-04,Affiliate,8787,570,23,446.39,2823.62,0.06486855582109935,0.04035087719298246,19.40826086956522,6.325455319339591,2377.23
2024-02-05,Affiliate,9692,471,20,519.55,2425.58,0.04859678085018572,0.04246284501061571,25.9775,4.668617072466557,1906.03
2024-02-06,Affiliate,9153,570,23,468.56,2275.04,0.06227466404457555,0.04035087719298246,20.37217391304348,4.855386716749189,1806.48
2024-02-07,Affiliate,8739,611,21,445.59,1934.75,0.06991646641492162,0.03436988543371522,21.218571428571426,4.341996005296349,1489.16
2024-02-08,Affiliate,9351,687,29,503.51,3300.6,0.07346807828039782,0.042212518195050945,17.36241379310345,6.555182618021489,2797.09
2024-02-09,Affiliate,9352,664,26,588.57,2483.07,0.07100085543199315,0.0391566265060241,22.637307692307694,4.218818492277894,1894.5
2024-02-10,Affiliate,8593,525,23,443.81,2416.9,0.061096241126498314,0.04380952380952381,19.29608695652174,5.4457988778982,1973.0900000000001
2024-02-11,Affiliate,10010,671,21,525.03,2447.57,0.06703296703296703,0.03129657228017884,25.00142857142857,4.661771708283337,1922.5400000000002
2024-02-12,Affiliate,7861,677,31,563.61,3158.13,0.08612135860577534,0.04579025110782865,18.180967741935483,5.603395965295151,2594.52
2024-02-13,Affiliate,9143,619,22,519.06,2400.68,0.0677020671552007,0.035541195476575124,23.59363636363636,4.625052980387624,1881.62
2024-02-14,Affiliate,9013,540,22,446.66,2225.2,0.059913458337956284,0.040740740740740744,20.302727272727275,4.981865400976133,1778.5399999999997
2024-02-15,Affiliate,7675,566,11,480.88,1149.66,0.07374592833876221,0.019434628975265017,43.71636363636364,2.3907419730494097,668.7800000000001
2024-02-16,Affiliate,10177,640,29,504.55,2817.11,0.06288690183747667,0.0453125,17.398275862068967,5.583410960261619,2312.56
2024-02-17,Affiliate,9663,611,30,511.78,2695.11,0.06323088067887819,0.049099836333878884,17.05933333333333,5.266149517370746,2183.33
2024-02-18,Affiliate,9830,734,41,444.83,3798.88,0.07466937945066124,0.055858310626702996,10.849512195121951,8.540071487984175,3354.05
2024-02-19,Affiliate,8105,605,27,455.08,2787.79,0.07464528069093153,0.04462809917355372,16.854814814814816,6.125933901731564,2332.71
2024-02-20,Affiliate,9690,537,27,514.66,3698.33,0.05541795665634675,0.05027932960893855,19.06148148148148,7.1859674348113325,3183.67
2024-02-21,Affiliate,9524,599,15,456.28,1419.34,0.0628937421251575,0.025041736227045076,30.418666666666663,3.110677654072061,963.06
2024-02-22,Affiliate,7697,658,28,487.64,2986.13,0.08548785241002989,0.0425531914893617,17.415714285714284,6.123636289065705,2498.4900000000002
2024-02-23,Affiliate,8844,688,28,492.16,3037.88,0.0777928539122569,0.040697674418604654,17.577142857142857,6.1725455136540965,2545.7200000000003
2024-02-24,Affiliate,8692,466,11,502.26,1086.78,0.05361251725724804,0.023605150214592276,45.66,2.1637797156851035,584.52
2024-02-25,Affiliate,7842,530,21,463.4,1587.82,0.06758479979597042,0.03962264150943396,22.066666666666666,3.426456624946051,1124.42
2024-02-26,Affiliate,9366,673,21,540.9,2182.73,0.07185564808883195,0.031203566121842496,25.757142857142856,4.035366980957663,1641.83
2024-02-27,Affiliate,9699,650,24,518.71,2263.12,0.06701721826992474,0.036923076923076927,21.612916666666667,4.362977386208093,1744.4099999999999
2024-02-28,Affiliate,9175,682,28,503.78,3136.61,0.07433242506811989,0.04105571847507331,17.992142857142856,6.2261503037039985,2632.83
2024-02-29,Affiliate,9706,746,25,561.74,1996.71,0.07685967442818875,0.03351206434316354,22.4696,3.5545092035461248,1434.97
2024-03-01,Affiliate,9230,466,16,488.81,1783.16,0.0504875406283857,0.034334763948497854,30.550625,3.647961375585606,1294.3500000000001
2024-03-02,Affiliate,8539,702,22,508.46,2029.07,0.08221103173673733,0.03133903133903134,23.11181818181818,3.9906187310702905,1520.61
2024-03-03,Affiliate,9351,683,33,519.58,3446.21,0.07304031654368517,0.048316251830161056,15.744848484848486,6.632684090996574,2926.63
2024-03-04,Affiliate,8766,601,25,530.9,2615.82,0.06856034679443304,0.04159733777038269,21.236,4.9271425880580155,2084.92
2024-03-05,Affiliate,9499,650,22,498.88,2262.22,0.06842825560585325,0.033846153846153845,22.676363636363636,4.5345974983964075,1763.3399999999997
2024-03-06,Affiliate,9173,830,30,542.74,3215.06,0.09048293906028562,0.03614457831325301,18.091333333333335,5.923757231823709,2672.3199999999997
2024-03-07,Affiliate,9088,834,31,468.05,3284.97,0.0917693661971831,0.03717026378896882,15.098387096774195,7.018416835808139,2816.9199999999996
2024-03-08,Affiliate,8683,612,29,550.36,3071.27,0.07048255211332488,0.04738562091503268,18.977931034482758,5.580474598444654,2520.91
2024-03-09,Affiliate,8914,575,36,471.22,3845.72,0.06450527260489118,0.06260869565217392,13.089444444444446,8.161198590891727,3374.5
2024-03-10,Affiliate,8375,488,23,505.09,2243.42,0.05826865671641791,0.0471311475409836,21.960434782608694,4.441624264982479,1738.3300000000002
2024-03-11,Affiliate,8942,674,22,508.97,1954.37,0.07537463654663386,0.032640949554896145,23.135,3.8398530365247456,1445.3999999999999
2024-03-12,Affiliate,9540,681,23,470.25,2536.73,0.07138364779874214,0.033773861967694566,20.445652173913043,5.394428495481127,2066.48
2024-03-13,Affiliate,8530,497,25,524.2,2743.83,0.05826494724501759,0.05030181086519115,20.968000000000004,5.234318962228157,2219.63
2024-03-14,Affiliate,10122,978,26,475.35,2417.02,0.09662122110254891,0.026584867075664622,18.282692307692308,5.084716524666035,1941.67
2024-03-15,Affiliate,8234,469,18,513.4,1567.96,0.05695895069225164,0.03837953091684435,28.522222222222222,3.0540708998831323,1054.56
2024-03-16,Affiliate,9046,659,29,485.06,3172.04,0.07284987839929251,0.04400606980273141,16.726206896551723,6.539479652001814,2686.98
2024-03-17,Affiliate,10909,767,19,430.38,1704.89,0.07030891924099368,0.024771838331160364,22.65157894736842,3.9613597286119244,1274.5100000000002
2024-03-18,Affiliate,9015,601,22,521.96,2785.5,0.06666666666666667,0.036605657237936774,23.725454545454546,5.336615832630852,2263.54
2024-03-19,Affiliate,9653,564,18,506.92,1844.11,0.05842743188646017,0.031914893617021274,28.162222222222223,3.6378718535469106,1337.1899999999998
2024-03-20,Affiliate,7329,484,19,467.46,1887.96,0.06603902305908037,0.03925619834710744,24.603157894736842,4.038762674881274,1420.5
2024-03-21,Affiliate,8514,563,23,543.23,2516.26,0.06612638007986846,0.04085257548845471,23.618695652173916,4.632034313274304,1973.0300000000002
2024-03-22,Affiliate,8735,553,24,482.63,2627.44,0.06330852890669719,0.0433996383363472,20.109583333333333,5.444004724115782,2144.81
2024-03-23,Affiliate,9711,757,39,465.34,4826.9,0.07795283698898156,0.05151915455746367,11.931794871794871,10.372845661236944,4361.5599999999995
2024-03-24,Affiliate,9012,613,24,440.58,2257.27,0.06802041722148247,0.03915171288743882,18.357499999999998,5.1234055109174275,1816.69
2024-03-25,Affiliate,9083,546,22,456.01,2030.18,0.060112297698998125,0.040293040293040296,20.72772727272727,4.452051490098902,1574.17
2024-03-26,Affiliate,9210,640,29,511.09,3733.89,0.06948968512486428,0.0453125,17.623793103448275,7.305738715294762,3222.7999999999997
2024-03-27,Affiliate,9436,537,16,463.06,1941.98,0.056909707503179315,0.0297951582867784,28.94125,4.193797779985315,1478.92
2024-03-28,Affiliate,8060,544,21,487.8,1910.02,0.0674937965260546,0.03860294117647059,23.228571428571428,3.9155801558015577,1422.22
2024-03-29,Affiliate,10106,604,17,519.69,1930.13,0.05976647536117158,0.028145695364238412,30.570000000000004,3.7140025784602355,1410.44
2024-03-30,Affiliate,8441,437,15,546.63,1519.96,0.051771117166212535,0.034324942791762014,36.442,2.7806011378811992,973.33
2024-01-01,SEO/Organic,19719,1849,115,194.89,7474.6,0.09376743242557939,0.062195781503515415,1.694695652173913,38.352917030119556,7279.71
2024-01-02,SEO/Organic,19398,1934,111,187.93,11415.65,0.09970100010310341,0.05739400206825233,1.6930630630630632,60.74416005959665,11227.72
2024-01-03,SEO/Organic,16769,1405,79,186.88,7020.79,0.08378555668197268,0.056227758007117434,2.3655696202531646,37.56843964041096,6833.91
2024-01-04,SEO/Organic,23736,2460,129,173.44,9138.1,0.10364004044489383,0.0524390243902439,1.3444961240310078,52.68738468634687,8964.66
2024-01-05,SEO/Organic,22916,1820,112,181.83,11303.0,0.0794204922325013,0.06153846153846154,1.6234821428571429,62.16245944013639,11121.17
2024-01-06,SEO/Organic,15259,1171,88,151.43,7482.8,0.076741595124189,0.07514944491887275,1.7207954545454547,49.414250808954634,7331.37
2024-01-07,SEO/Organic,24717,2352,157,186.6,14761.83,0.0951571792693288,0.06675170068027211,1.1885350318471337,79.10948553054662,14575.23
2024-01-08,SEO/Organic,22798,2392,191,157.24,19406.25,0.10492148434073165,0.0798494983277592,0.8232460732984294,123.41802340371406,19249.01
2024-01-09,SEO/Organic,22982,2557,174,196.78,15023.42,0.11126098685928118,0.06804849432929214,1.130919540229885,76.34627502795,14826.64
2024-01-10,SEO/Organic,24041,3165,147,175.59,12562.5,0.13165009774967765,0.046445497630331754,1.1944897959183673,71.544507090381,12386.91
2024-01-11,SEO/Organic,20921,1722,42,185.32,3622.63,0.08230964103054347,0.024390243902439025,4.4123809523809525,19.547971077055905,3437.31
2024-01-12,SEO/Organic,20914,2563,141,183.76,14818.82,0.12254948838098881,0.05501365587202497,1.3032624113475177,80.64225076186331,14635.06
2024-01-13,SEO/Organic,23818,2357,165,187.14,15115.79,0.09895877067763877,0.07000424268137463,1.1341818181818182,80.77263011649033,14928.650000000001
2024-01-14,SEO/Organic,22805,2072,123,176.11,14194.14,0.0908572681429511,0.05936293436293436,1.431788617886179,80.59814888422008,14018.029999999999
2024-01-15,SEO/Organic,22922,2588,174,145.68,15856.26,0.11290463310356863,0.06723338485316847,0.8372413793103448,108.84308072487644,15710.58
2024-01-16,SEO/Organic,23136,1466,104,194.4,9656.47,0.06336445366528354,0.07094133697135062,1.8692307692307693,49.67319958847736,9462.07
2024-01-17,SEO/Organic,20015,1458,84,172.92,7613.18,0.07284536597551836,0.05761316872427984,2.0585714285714283,44.02718019893593,7440.26
2024-01-18,SEO/Organic,22186,2982,191,192.15,19569.96,0.13440908681150274,0.06405097250167673,1.006020942408377,101.84730679156908,19377.809999999998
2024-01-19,SEO/Organic,25254,2330,75,191.69,6670.55,0.09226261186346717,0.032188841201716736,2.5558666666666667,34.798633209870104,6478.860000000001
2024-01-20,SEO/Organic,19866,1837,87,190.79,9343.99,0.09246954595791805,0.04735982580293958,2.1929885057471266,48.97526075790136,9153.199999999999
2024-01-21,SEO/Organic,23433,2433,132,162.93,12296.77,0.10382793496351299,0.05425400739827373,1.2343181818181819,75.47271834530166,12133.84
2024-01-22,SEO/Organic,17189,1669,97,202.63,10107.9,0.09709698062714527,0.05811863391252247,2.0889690721649483,49.88353155998618,9905.27
2024-01-23,SEO/Organic,25453,2056,105,216.46,10105.75,0.08077633284878011,0.051070038910505836,2.0615238095238095,46.68645477224429,9889.29
2024-01-24,SEO/Organic,25256,2802,142,191.36,11552.48,0.11094393411466583,0.05067808708065667,1.347605633802817,60.370401337792636,11361.119999999999
2024-01-25,SEO/Organic,19578,1793,96,174.89,10405.88,0.0915823883951374,0.053541550474065815,1.8217708333333331,59.49957115901424,10230.99
2024-01-26,SEO/Organic,16633,1699,80,178.75,7317.24,0.10214633559790777,0.047086521483225424,2.234375,40.93560839160839,7138.49
2024-01-27,SEO/Organic,21397,2273,86,189.85,7340.46,0.10622984530541665,0.03783545974483062,2.207558139534884,38.664524624703716,7150.61
2024-01-28,SEO/Organic,20649,1488,92,179.35,9500.31,0.0720616010460555,0.06182795698924731,1.9494565217391304,52.97078338444383,9320.96
2024-01-29,SEO/Organic,17686,1858,68,167.22,6417.3,0.1050548456406197,0.03659849300322928,2.4591176470588234,38.37639038392537,6250.08
2024-01-30,SEO/Organic,19448,1725,91,188.48,7640.84,0.08869806663924311,0.0527536231884058,2.0712087912087913,40.53926146010187,7452.360000000001
2024-01-31,SEO/Organic,21018,2290,133,167.53,11089.9,0.10895422970786944,0.058078602620087336,1.2596240601503759,66.19650211902345,10922.369999999999
2024-02-01,SEO/Organic,18375,1821,93,172.29,6053.89,0.09910204081632654,0.051070840197693576,1.8525806451612903,35.137790933890535,5881.6
2024-02-02,SEO/Organic,20017,2351,85,195.98,6397.14,0.11745016735774591,0.036154827732879626,2.305647058823529,32.64180018369222,6201.160000000001
2024-02-03,SEO/Organic,24984,2108,101,146.49,9870.66,0.08437399935959014,0.04791271347248577,1.4503960396039606,67.38111816506246,9724.17
2024-02-04,SEO/Organic,17905,1629,117,181.45,10090.29,0.09098017313599553,0.0718232044198895,1.5508547008547007,55.609203637365674,9908.84
2024-02-05,SEO/Organic,24494,3062,148,206.24,13440.79,0.12501020658120357,0.048334421946440234,1.3935135135135135,65.17062645461598,13234.550000000001
2024-02-06,SEO/Organic,18651,2044,89,176.51,8198.59,0.1095919789823602,0.04354207436399217,1.983258426966292,46.448303212282596,8022.08
2024-02-07,SEO/Organic,19892,1611,93,178.13,9474.03,0.08098733159058918,0.05772811918063315,1.9153763440860214,53.186043900522094,9295.900000000001
2024-02-08,SEO/Organic,22154,2284,101,191.8,10006.82,0.10309650627426198,0.044220665499124345,1.8990099009900991,52.17320125130344,9815.02
2024-02-09,SEO/Organic,27727,2485,124,191.8,12325.24,0.08962383236556425,0.049899396378269616,1.5467741935483872,64.26089676746611,12133.44
2024-02-10,SEO/Organic,20822,1858,113,174.09,9261.79,0.0892325425031217,0.06081808396124865,1.5406194690265487,53.20116031937504,9087.7
2024-02-11,SEO/Organic,22197,2423,117,152.4,8293.1,0.10915889534621796,0.048287247214197276,1.3025641025641026,54.416666666666664,8140.700000000001
2024-02-12,SEO/Organic,19229,1466,78,169.88,6085.36,0.07623901398928701,0.05320600272851296,2.177948717948718,35.82152107369908,5915.48
2024-02-13,SEO/Organic,20297,1800,125,180.23,12278.56,0.08868305660935114,0.06944444444444445,1.44184,68.12717083726349,12098.33
2024-02-14,SEO/Organic,20985,1864,109,166.93,10614.32,0.08882535144150584,0.05847639484978541,1.531467889908257,63.58545498112981,10447.39
2024-02-15,SEO/Organic,22080,1458,83,175.97,8243.78,0.06603260869565217,0.05692729766803841,2.1201204819277106,46.84764448485538,8067.81
2024-02-16,SEO/Organic,25996,2143,122,178.56,11054.27,0.08243575934759194,0.05692953803079795,1.4636065573770491,61.90787410394265,10875.710000000001
2024-02-17,SEO/Organic,21748,2099,135,179.97,14316.06,0.09651462203421005,0.06431634111481659,1.3331111111111111,79.54692448741457,14136.09
2024-02-18,SEO/Organic,23793,2022,128,195.71,10582.92,0.08498297818686168,0.06330365974282888,1.528984375,54.07449798170763,10387.210000000001
2024-02-19,SEO/Organic,26863,2505,77,197.74,6546.16,0.09325093995458437,0.030738522954091817,2.568051948051948,33.10488520279154,6348.42
2024-02-20,SEO/Organic,23216,2287,151,197.54,14539.82,0.09850964851826327,0.0660253607345868,1.3082119205298013,73.6044345449023,14342.279999999999
2024-02-21,SEO/Organic,24022,2802,165,175.58,16646.1,0.11664307717925235,0.058886509635974305,1.0641212121212122,94.80635607700192,16470.519999999997
2024-02-22,SEO/Organic,20676,2467,141,181.78,14070.29,0.11931708260785452,0.05715443858937981,1.2892198581560284,77.40284959841567,13888.51
2024-02-23,SEO/Organic,20709,1970,139,155.35,13491.79,0.09512772224636631,0.07055837563451776,1.1176258992805754,86.84769874476989,13336.44
2024-02-24,SEO/Organic,21526,2591,136,207.26,9702.07,0.12036606893988665,0.052489386337321496,1.523970588235294,46.81110682234874,9494.81
2024-02-25,SEO/Organic,23501,2209,112,172.2,11515.76,0.09399600017020553,0.05070167496604799,1.5374999999999999,66.87433217189316,11343.56
2024-02-26,SEO/Organic,24526,2519,145,177.48,13425.41,0.10270733099567805,0.057562524811433105,1.224,75.64463601532567,13247.93
2024-02-27,SEO/Organic,24300,2008,74,189.09,7230.52,0.08263374485596708,0.036852589641434265,2.5552702702702703,38.23851076207097,7041.43
2024-02-28,SEO/Organic,23056,2324,119,179.34,11852.32,0.10079805690492713,0.05120481927710843,1.5070588235294118,66.08854689416751,11672.98
2024-02-29,SEO/Organic,20928,1895,146,187.2,10519.89,0.09054854740061162,0.07704485488126649,1.2821917808219176,56.19599358974359,10332.689999999999
2024-03-01,SEO/Organic,18305,1710,85,185.6,5799.68,0.09341709915323682,0.049707602339181284,2.183529411764706,31.24827586206897,5614.08
2024-03-02,SEO/Organic,21163,1377,88,201.46,9386.98,0.06506638945329112,0.06390704429920116,2.289318181818182,46.594758264667924,9185.52
2024-03-03,SEO/Organic,22789,2179,151,196.32,16515.12,0.09561630611259818,0.0692978430472694,1.3001324503311258,84.12347188264059,16318.8
2024-03-04,SEO/Organic,19928,1950,116,186.76,8263.72,0.09785226816539543,0.059487179487179485,1.6099999999999999,44.24780466909402,8076.959999999999
2024-03-05,SEO/Organic,27000,2811,200,178.95,18599.49,0.10411111111111111,0.0711490572749911,0.8947499999999999,103.9367979882649,18420.54
2024-03-06,SEO/Organic,22838,1904,84,199.76,8805.56,0.08336982222611437,0.04411764705882353,2.378095238095238,44.080696836203444,8605.8
2024-03-07,SEO/Organic,19819,2156,116,186.63,10986.44,0.10878449972248852,0.05380333951762523,1.6088793103448276,58.86749182875208,10799.810000000001
2024-03-08,SEO/Organic,24187,2326,164,188.99,15478.12,0.09616736263281929,0.0705073086844368,1.1523780487804878,81.89914810307424,15289.130000000001
2024-03-09,SEO/Organic,20166,2536,152,156.84,15015.46,0.12575622334622633,0.05993690851735016,1.031842105263158,95.73743942871715,14858.619999999999
2024-03-10,SEO/Organic,20190,2274,132,194.95,9253.4,0.11263001485884101,0.05804749340369393,1.4768939393939393,47.465503975378304,9058.449999999999
2024-03-11,SEO/Organic,20803,2394,129,196.98,12027.37,0.11507955583329328,0.05388471177944862,1.5269767441860465,61.05883846075744,11830.390000000001
2024-03-12,SEO/Organic,20025,1619,85,160.84,8502.78,0.08084893882646692,0.05250154416306362,1.892235294117647,52.86483461825417,8341.94
2024-03-13,SEO/Organic,18330,1956,94,153.26,8151.39,0.10671031096563012,0.04805725971370143,1.6304255319148935,53.18667623646092,7998.13
2024-03-14,SEO/Organic,20506,1945,126,203.87,10404.85,0.09485028772066713,0.06478149100257069,1.6180158730158731,51.03669004757934,10200.98
2024-03-15,SEO/Organic,20493,1747,125,172.05,11663.64,0.08524862148050553,0.07155123068116771,1.3764,67.79215344376634,11491.59
2024-03-16,SEO/Organic,21658,2475,176,179.39,14446.19,0.11427647982269831,0.07111111111111111,1.0192613636363637,80.52951669546799,14266.800000000001
2024-03-17,SEO/Organic,22198,1796,97,196.42,8832.64,0.08090818992702045,0.05400890868596882,2.024948453608247,44.96812951837899,8636.22
2024-03-18,SEO/Organic,24656,2226,117,171.57,11495.73,0.09028228423101882,0.05256064690026954,1.4664102564102564,67.0031474033922,11324.16
2024-03-19,SEO/Organic,23295,2183,96,200.84,7732.93,0.09371109680188881,0.043976179569399906,2.0920833333333335,38.502937661820354,7532.09
2024-03-20,SEO/Organic,21655,2563,126,214.45,11866.68,0.11835603786654353,0.049161139289894656,1.701984126984127,55.33541618092796,11652.23
2024-03-21,SEO/Organic,19673,1336,92,179.7,7541.35,0.06791033396025009,0.0688622754491018,1.9532608695652172,41.96633277685031,7361.650000000001
2024-03-22,SEO/Organic,20710,2046,91,186.48,8102.19,0.0987928536938677,0.04447702834799609,2.049230769230769,43.448037323037326,7915.71
2024-03-23,SEO/Organic,19781,1681,86,173.92,6484.17,0.0849805368788231,0.0511600237953599,2.0223255813953487,37.28248620055198,6310.25
2024-03-24,SEO/Organic,22261,1988,103,170.56,9350.62,0.0893041642334127,0.05181086519114688,1.6559223300970873,54.82305347091933,9180.060000000001
2024-03-25,SEO/Organic,23520,2715,135,176.55,13000.28,0.11543367346938775,0.049723756906077346,1.307777777777778,73.63511753044463,12823.730000000001
2024-03-26,SEO/Organic,22804,2675,162,186.54,11604.76,0.11730398175758638,0.0605607476635514,1.1514814814814813,62.210571459204466,11418.22
2024-03-27,SEO/Organic,24712,2269,149,158.61,12436.13,0.09181774036905148,0.06566769501983252,1.064496644295302,78.40697307862051,12277.519999999999
2024-03-28,SEO/Organic,22310,1561,81,152.5,8509.24,0.06996862393545496,0.051889814221652786,1.882716049382716,55.79829508196721,8356.74
2024-03-29,SEO/Organic,19185,1540,83,200.15,7221.53,0.0802710450873078,0.05389610389610389,2.41144578313253,36.08058955783162,7021.38
2024-03-30,SEO/Organic,24099,2459,139,167.59,13245.88,0.10203742893896012,0.05652704351362343,1.20568345323741,79.03741273345665,13078.289999999999
2024-01-01,Influencer,43428,651,14,1118.56,1839.16,0.014990328820116054,0.021505376344086023,79.89714285714285,1.6442211414676013,720.6000000000001
2024-01-02,Influencer,39295,749,6,1090.02,715.03,0.019060949230181957,0.00801068090787717,181.67,0.6559787893800113,-374.99
2024-01-03,Influencer,39797,792,14,1087.56,1389.71,0.01990099756263035,0.017676767676767676,77.68285714285715,1.2778237522527494,302.1500000000001
2024-01-04,Influencer,40270,737,14,1004.43,1810.81,0.0183014651105041,0.018995929443690638,71.74499999999999,1.8028234919307469,806.38
2024-01-05,Influencer,40702,874,10,1048.49,1174.79,0.02147314628273795,0.011441647597254004,104.849,1.120458945721943,126.29999999999995
2024-01-06,Influencer,38517,599,10,988.73,1404.09,0.015551574629384427,0.01669449081803005,98.873,1.4200944646162248,415.3599999999999
2024-01-07,Influencer,35321,511,13,1097.74,1412.06,0.014467314062455763,0.025440313111545987,84.44153846153846,1.2863337402299269,314.31999999999994
2024-01-08,Influencer,38388,593,10,1222.5,1489.24,0.015447535688235908,0.016863406408094434,122.25,1.2181922290388547,266.74
2024-01-09,Influencer,36588,722,11,1189.72,995.35,0.019733245872963812,0.015235457063711912,108.15636363636364,0.8366254244696231,-194.37
2024-01-10,Influencer,44640,929,15,1165.98,1690.48,0.020810931899641578,0.016146393972012917,77.732,1.449836189299988,524.5
2024-01-11,Influencer,41565,703,9,1194.95,1049.14,0.016913268374834596,0.012802275960170697,132.77222222222224,0.8779781580819281,-145.80999999999995
2024-01-12,Influencer,35209,694,14,1176.73,1754.93,0.01971086937998807,0.020172910662824207,84.05214285714285,1.4913616547551265,578.2
2024-01-13,Influencer,37222,507,8,1052.3,1018.16,0.013620976841652786,0.015779092702169626,131.5375,0.9675567803858215,-34.139999999999986
2024-01-14,Influencer,37223,486,12,1167.75,1516.74,0.013056443596700964,0.024691358024691357,97.3125,1.2988567758509955,348.99
2024-01-15,Influencer,43870,857,15,1062.37,1691.1,0.019534989742420787,0.01750291715285881,70.82466666666666,1.5918182930617395,628.73
2024-01-16,Influencer,50538,985,16,1011.04,1942.78,0.01949028453836717,0.016243654822335026,63.19,1.9215659123279,931.74
2024-01-17,Influencer,46018,746,15,1133.86,1945.66,0.016211047850840977,0.020107238605898123,75.59066666666666,1.715961406170074,811.8000000000002
2024-01-18,Influencer,40377,727,13,1060.45,1391.54,0.018005300047056493,0.017881705639614855,81.57307692307693,1.3122165118581732,331.0899999999999
2024-01-19,Influencer,45918,813,13,1196.83,1402.38,0.01770547497713315,0.015990159901599015,92.06384615384614,1.17174536066108,205.55000000000018
2024-01-20,Influencer,42702,833,15,1043.37,1843.69,0.019507283031239754,0.01800720288115246,69.55799999999999,1.7670529150732723,800.3200000000002
2024-01-21,Influencer,38961,803,17,1024.71,1724.64,0.020610353943687276,0.021170610211706103,60.277058823529416,1.683051790262611,699.9300000000001
2024-01-22,Influencer,40434,916,10,978.91,1188.41,0.022654201909284265,0.010917030567685589,97.89099999999999,1.2140135456783567,209.5000000000001
2024-01-23,Influencer,37462,637,11,1100.63,1183.97,0.017003897282579682,0.01726844583987441,100.05727272727273,1.0757202693003098,83.33999999999992
2024-01-24,Influencer,37858,531,11,1174.2,1379.29,0.014026097522320249,0.02071563088512241,106.74545454545455,1.1746636007494464,205.08999999999992
2024-01-25,Influencer,33837,636,13,1100.81,1310.0,0.018795992552531254,0.020440251572327043,84.6776923076923,1.1900327940334845,209.19000000000005
2024-01-26,Influencer,39534,908,23,1319.47,2116.73,0.02296757221632013,0.025330396475770924,57.36826086956522,1.6042274549629776,797.26
2024-01-27,Influencer,36339,750,17,1143.41,1721.41,0.02063898291092215,0.02266666666666667,67.25941176470589,1.5055054617328867,578.0
2024-01-28,Influencer,39569,771,15,1106.64,1972.64,0.019484950339912557,0.019455252918287938,73.77600000000001,1.782548977083785,866.0
2024-01-29,Influencer,39328,824,17,1041.52,2126.68,0.0209519934906428,0.02063106796116505,61.265882352941176,2.0419002995621782,1085.1599999999999
2024-01-30,Influencer,35818,589,9,1185.89,1132.65,0.016444245909877715,0.015280135823429542,131.76555555555558,0.9551054482287564,-53.24000000000001
2024-01-31,Influencer,39379,860,20,1027.67,2367.18,0.021839051270981995,0.023255813953488372,51.383500000000005,2.3034437124757945,1339.5099999999998
2024-02-01,Influencer,46301,825,16,1021.7,1765.02,0.017818189671929333,0.019393939393939394,63.85625,1.7275325437995497,743.3199999999999
2024-02-02,Influencer,34125,672,10,1004.43,1572.22,0.019692307692307693,0.01488095238095238,100.443,1.565285783976982,567.7900000000001
2024-02-03,Influencer,34970,677,16,1150.36,1854.26,0.01935945095796397,0.023633677991137372,71.8975,1.611895406655308,703.9000000000001
2024-02-04,Influencer,32625,527,7,1110.29,621.94,0.016153256704980842,0.013282732447817837,158.61285714285714,0.5601599582091166,-488.3499999999999
2024-02-05,Influencer,31028,447,7,1134.88,724.7,0.014406342658244167,0.015659955257270694,162.1257142857143,0.6385697166220217,-410.18000000000006
2024-02-06,Influencer,41222,841,18,1099.83,2353.38,0.020401727233030905,0.02140309155766944,61.10166666666666,2.139767054908486,1253.5500000000002
2024-02-07,Influencer,41213,798,15,1070.75,1642.78,0.019362822410404483,0.018796992481203006,71.38333333333334,1.5342330142423535,572.03
2024-02-08,Influencer,36729,702,13,1041.72,1376.03,0.019112962509188924,0.018518518518518517,80.13230769230769,1.3209211688361555,334.30999999999995
2024-02-09,Influencer,35158,725,13,1171.15,1340.21,0.02062119574492292,0.01793103448275862,90.08846153846154,1.1443538402424966,169.05999999999995
2024-02-10,Influencer,37758,536,12,1064.02,1291.06,0.014195667143386832,0.022388059701492536,88.66833333333334,1.2133794477547415,227.03999999999996
2024-02-11,Influencer,40164,846,16,1147.86,1575.23,0.02106363907977293,0.018912529550827423,71.74125,1.3723189239105815,427.3700000000001
2024-02-12,Influencer,38060,879,16,1131.45,1346.5,0.023095112979506043,0.01820250284414107,70.715625,1.190065844712537,215.04999999999995
2024-02-13,Influencer,47778,1063,27,1180.27,2725.04,0.022248733726819875,0.02539981185324553,43.7137037037037,2.308827641132961,1544.77
2024-02-14,Influencer,37112,690,9,1040.49,954.96,0.018592369045052813,0.013043478260869565,115.61,0.9177983450105239,-85.52999999999997
2024-02-15,Influencer,43594,878,17,1072.58,1638.19,0.020140386291691518,0.0193621867881549,63.09294117647058,1.5273359562923048,565.6100000000001
2024-02-16,Influencer,37015,753,17,1033.54,2202.83,0.020343104146967446,0.02257636122177955,60.796470588235294,2.131344698802175,1169.29
2024-02-17,Influencer,29041,384,9,1033.94,985.16,0.013222685169243483,0.0234375,114.88222222222223,0.9528212468808634,-48.780000000000086
2024-02-18,Influencer,46570,997,19,1088.38,2108.07,0.02140863216663088,0.01905717151454363,57.283157894736846,1.9368878516694537,1019.69
2024-02-19,Influencer,40908,913,18,1202.9,2250.35,0.02231837293438936,0.019715224534501644,66.82777777777778,1.8707706376257376,1047.4499999999998
2024-02-20,Influencer,35321,707,12,912.72,963.33,0.020016420826137426,0.016973125884016973,76.06,1.0554496450170918,50.610000000000014
2024-02-21,Influencer,35927,698,13,1271.68,1528.08,0.019428285133743423,0.01862464183381089,97.82153846153847,1.201623049823855,256.39999999999986
2024-02-22,Influencer,34923,626,12,1102.49,1258.07,0.017925149614866992,0.019169329073482427,91.87416666666667,1.1411169262306233,155.57999999999993
2024-02-23,Influencer,33600,732,12,1097.14,1716.4,0.021785714285714287,0.01639344262295082,91.42833333333334,1.5644311573728056,619.26
2024-02-24,Influencer,44112,787,14,1110.48,1497.17,0.01784095030830613,0.017789072426937738,79.32000000000001,1.3482187882717385,386.69000000000005
2024-02-25,Influencer,41271,655,12,1302.37,1278.97,0.01587070824549926,0.0183206106870229,108.53083333333332,0.9820327556685121,-23.399999999999864
2024-02-26,Influencer,39641,878,16,983.72,1897.25,0.022148785348502814,0.018223234624145785,61.4825,1.9286483958850078,913.53
2024-02-27,Influencer,38211,709,17,1221.77,2007.08,0.018554866399727827,0.023977433004231313,71.86882352941177,1.6427641863853262,785.31
2024-02-28,Influencer,42562,953,17,1057.29,2515.75,0.02239086509092618,0.017838405036726127,62.1935294117647,2.379432322257848,1458.46
2024-02-29,Influencer,36934,544,15,1070.6,1894.63,0.014728976011263335,0.027573529411764705,71.37333333333332,1.769689893517654,824.0300000000002
2024-03-01,Influencer,44996,893,23,1076.65,2153.72,0.01984620855187128,0.025755879059350503,46.810869565217395,2.0003900989179395,1077.0699999999997
2024-03-02,Influencer,38149,483,11,1165.09,1223.95,0.012660882329812053,0.022774327122153208,105.91727272727272,1.0505197023405919,58.86000000000013
2024-03-03,Influencer,49439,842,14,1186.88,1632.93,0.01703108881652137,0.0166270783847981,84.77714285714286,1.3758172688056078,446.04999999999995
2024-03-04,Influencer,37733,614,14,920.06,1683.15,0.01627222855325577,0.02280130293159609,65.71857142857142,1.8293915614199077,763.0900000000001
2024-03-05,Influencer,35098,774,15,1085.0,1567.23,0.022052538606188388,0.01937984496124031,72.33333333333333,1.4444516129032259,482.23
2024-03-06,Influencer,40052,800,11,1124.02,1137.34,0.019974033756117046,0.01375,102.18363636363637,1.0118503229479903,13.319999999999936
2024-03-07,Influencer,39600,773,11,1196.06,1319.21,0.01952020202020202,0.014230271668822769,108.73272727272727,1.1029630620537432,123.15000000000009
2024-03-08,Influencer,41947,770,14,1093.66,1448.71,0.01835649748492145,0.01818181818181818,78.11857142857143,1.324643856408756,355.04999999999995
2024-03-09,Influencer,45038,796,12,1117.67,1298.48,0.017673964208002133,0.01507537688442211,93.13916666666667,1.161774047795861,180.80999999999995
2024-03-10,Influencer,38505,743,15,1225.27,1909.02,0.01929619529931178,0.020188425302826378,81.68466666666667,1.5580402686754755,683.75
2024-03-11,Influencer,43983,680,10,1060.3,1139.54,0.015460518836823318,0.014705882352941176,106.03,1.0747335659718948,79.24000000000001
2024-03-12,Influencer,35446,595,10,1072.21,1057.29,0.016786097161880044,0.01680672268907563,107.221,0.9860848154745805,-14.920000000000073
2024-03-13,Influencer,44713,828,23,1074.47,2699.12,0.018518104354438306,0.027777777777777776,46.71608695652174,2.512047800310851,1624.6499999999999
2024-03-14,Influencer,40016,748,15,1025.61,2154.88,0.01869252299080368,0.020053475935828877,68.374,2.101071557414612,1129.2700000000002
2024-03-15,Influencer,43436,806,10,1211.55,1256.36,0.018556036467446357,0.01240694789081886,121.155,1.036985679501465,44.809999999999945
2024-03-16,Influencer,36571,657,8,1192.23,781.03,0.01796505427797982,0.0121765601217656,149.02875,0.6551001065230702,-411.20000000000005
2024-03-17,Influencer,38134,572,11,1058.57,1185.7,0.014999737766822258,0.019230769230769232,96.23363636363636,1.1200959785370832,127.13000000000011
2024-03-18,Influencer,42957,638,9,1185.31,1054.14,0.014852061363689271,0.014106583072100314,131.70111111111112,0.8893369667006945,-131.16999999999985
2024-03-19,Influencer,44952,728,16,1260.71,1666.86,0.01619505250044492,0.02197802197802198,78.794375,1.3221597353872023,406.14999999999986
2024-03-20,Influencer,35464,765,12,1152.04,1713.39,0.021571170764719153,0.01568627450980392,96.00333333333333,1.4872660671504463,561.3500000000001
2024-03-21,Influencer,35935,596,13,1093.78,1683.84,0.01658550160011131,0.02181208053691275,84.13692307692307,1.53946863171753,590.06
2024-03-22,Influencer,40178,805,15,1028.46,1457.24,0.020035840509731694,0.018633540372670808,68.56400000000001,1.416914610193882,428.78
2024-03-23,Influencer,40940,871,21,1125.28,2640.91,0.02127503663898388,0.024110218140068886,53.584761904761905,2.346891440352623,1515.6299999999999
2024-03-24,Influencer,42995,696,12,990.11,1243.52,0.016187928828933596,0.017241379310344827,82.50916666666667,1.2559412590520245,253.40999999999997
2024-03-25,Influencer,41334,764,16,1121.35,1960.58,0.018483572845599264,0.020942408376963352,70.084375,1.7484103981807644,839.23
2024-03-26,Influencer,42226,755,15,1132.53,1574.69,0.01787997915975939,0.019867549668874173,75.502,1.3904179138742463,442.1600000000001
2024-03-27,Influencer,42673,690,13,1053.67,1383.13,0.016169474843577905,0.01884057971014493,81.05153846153847,1.3126785426177077,329.46000000000004
2024-03-28,Influencer,35500,760,17,1273.55,2081.08,0.02140845070422535,0.02236842105263158,74.91470588235293,1.6340779710258726,807.53
2024-03-29,Influencer,39243,1027,18,1065.0,2133.39,0.02617027240526973,0.017526777020447908,59.166666666666664,2.003183098591549,1068.3899999999999
2024-03-30,Influencer,41489,840,15,1121.05,2092.78,0.020246330352623586,0.017857142857142856,74.73666666666666,1.8668034432005711,971.7300000000002
